"filename", "language", "C#", "MS SQL", "JSON", "Python", "XML", "JSON with Comments", "TypeScript", "TypeScript JSX", "PostCSS", "Markdown", "JavaScript", "comment", "blank", "total"
"c:\Users\Miro\source\repos\Embe.C2C\data\scripts\LoadADMFileToDb.sql", "MS SQL", 0, 26, 0, 0, 0, 0, 0, 0, 0, 0, 0, 0, 0, 26
"c:\Users\Miro\source\repos\Embe.C2C\data\scripts\gadm_add_centroid.py", "Python", 0, 0, 0, 27, 0, 0, 0, 0, 0, 0, 0, 53, 11, 91
"c:\Users\Miro\source\repos\Embe.C2C\package-lock.json", "JSON", 0, 0, 756, 0, 0, 0, 0, 0, 0, 0, 0, 0, 1, 757
"c:\Users\Miro\source\repos\Embe.C2C\package.json", "JSON", 0, 0, 5, 0, 0, 0, 0, 0, 0, 0, 0, 0, 1, 6
"c:\Users\Miro\source\repos\Embe.C2C\src\Embe.C2C.Api\Embe.C2C.Api.csproj", "XML", 0, 0, 0, 0, 19, 0, 0, 0, 0, 0, 0, 0, 5, 24
"c:\Users\Miro\source\repos\Embe.C2C\src\Embe.C2C.Api\EndPoints\AuthEndPoints.cs", "C#", 45, 0, 0, 0, 0, 0, 0, 0, 0, 0, 0, 0, 7, 52
"c:\Users\Miro\source\repos\Embe.C2C\src\Embe.C2C.Api\EndPoints\GeographyEndPoints.cs", "C#", 49, 0, 0, 0, 0, 0, 0, 0, 0, 0, 0, 0, 7, 56
"c:\Users\Miro\source\repos\Embe.C2C\src\Embe.C2C.Api\EndPoints\JudgementEndPoints.cs", "C#", 29, 0, 0, 0, 0, 0, 0, 0, 0, 0, 0, 0, 7, 36
"c:\Users\Miro\source\repos\Embe.C2C\src\Embe.C2C.Api\EndPoints\MatchingEndPoints.cs", "C#", 35, 0, 0, 0, 0, 0, 0, 0, 0, 0, 0, 0, 6, 41
"c:\Users\Miro\source\repos\Embe.C2C\src\Embe.C2C.Api\EndPoints\MessageEndPoints.cs", "C#", 85, 0, 0, 0, 0, 0, 0, 0, 0, 0, 0, 0, 8, 93
"c:\Users\Miro\source\repos\Embe.C2C\src\Embe.C2C.Api\EndPoints\NotificationEndPoints.cs", "C#", 53, 0, 0, 0, 0, 0, 0, 0, 0, 0, 0, 0, 8, 61
"c:\Users\Miro\source\repos\Embe.C2C\src\Embe.C2C.Api\EndPoints\SearchProfileEndPoints.cs", "C#", 62, 0, 0, 0, 0, 0, 0, 0, 0, 0, 0, 0, 7, 69
"c:\Users\Miro\source\repos\Embe.C2C\src\Embe.C2C.Api\EndPoints\UserEndPoints.cs", "C#", 58, 0, 0, 0, 0, 0, 0, 0, 0, 0, 0, 0, 10, 68
"c:\Users\Miro\source\repos\Embe.C2C\src\Embe.C2C.Api\Extensions\FailureReasonExtensions.cs", "C#", 79, 0, 0, 0, 0, 0, 0, 0, 0, 0, 0, 0, 8, 87
"c:\Users\Miro\source\repos\Embe.C2C\src\Embe.C2C.Api\Extensions\ResultExtensions.cs", "C#", 45, 0, 0, 0, 0, 0, 0, 0, 0, 0, 0, 0, 4, 49
"c:\Users\Miro\source\repos\Embe.C2C\src\Embe.C2C.Api\Program.cs", "C#", 96, 0, 0, 0, 0, 0, 0, 0, 0, 0, 0, 0, 16, 112
"c:\Users\Miro\source\repos\Embe.C2C\src\Embe.C2C.Api\Properties\launchSettings.json", "JSON", 0, 0, 23, 0, 0, 0, 0, 0, 0, 0, 0, 0, 1, 24
"c:\Users\Miro\source\repos\Embe.C2C\src\Embe.C2C.Api\appsettings.Development.json", "JSON", 0, 0, 21, 0, 0, 0, 0, 0, 0, 0, 0, 0, 0, 21
"c:\Users\Miro\source\repos\Embe.C2C\src\Embe.C2C.Api\appsettings.json", "JSON", 0, 0, 9, 0, 0, 0, 0, 0, 0, 0, 0, 0, 1, 10
"c:\Users\Miro\source\repos\Embe.C2C\src\Embe.C2C.Application\Abstractions\Entities\IAdminArea.cs", "C#", 12, 0, 0, 0, 0, 0, 0, 0, 0, 0, 0, 0, 1, 13
"c:\Users\Miro\source\repos\Embe.C2C\src\Embe.C2C.Application\Abstractions\Repos\Repository.cs", "C#", 111, 0, 0, 0, 0, 0, 0, 0, 0, 0, 0, 0, 14, 125
"c:\Users\Miro\source\repos\Embe.C2C\src\Embe.C2C.Application\Abstractions\Result.cs", "C#", 58, 0, 0, 0, 0, 0, 0, 0, 0, 0, 0, 0, 14, 72
"c:\Users\Miro\source\repos\Embe.C2C\src\Embe.C2C.Application\Abstractions\Services\AuthServices\AuthService.cs", "C#", 49, 0, 0, 0, 0, 0, 0, 0, 0, 0, 0, 0, 10, 59
"c:\Users\Miro\source\repos\Embe.C2C\src\Embe.C2C.Application\Abstractions\Services\AuthServices\Credentials.cs", "C#", 4, 0, 0, 0, 0, 0, 0, 0, 0, 0, 0, 0, 1, 5
"c:\Users\Miro\source\repos\Embe.C2C\src\Embe.C2C.Application\Abstractions\Services\AuthenticatedUserService.cs", "C#", 5, 0, 0, 0, 0, 0, 0, 0, 0, 0, 0, 0, 1, 6
"c:\Users\Miro\source\repos\Embe.C2C\src\Embe.C2C.Application\Abstractions\Services\FileService.cs", "C#", 13, 0, 0, 0, 0, 0, 0, 0, 0, 0, 0, 0, 2, 15
"c:\Users\Miro\source\repos\Embe.C2C\src\Embe.C2C.Application\Abstractions\Services\NotificationService.cs", "C#", 5, 0, 0, 0, 0, 0, 0, 0, 0, 0, 0, 0, 1, 6
"c:\Users\Miro\source\repos\Embe.C2C\src\Embe.C2C.Application\Abstractions\Services\WorkItemServices\IWorkItemService.cs", "C#", 9, 0, 0, 0, 0, 0, 0, 0, 0, 0, 0, 0, 3, 12
"c:\Users\Miro\source\repos\Embe.C2C\src\Embe.C2C.Application\Abstractions\Services\WorkItemServices\WorkItems\DeleteFile.cs", "C#", 2, 0, 0, 0, 0, 0, 0, 0, 0, 0, 0, 0, 1, 3
"c:\Users\Miro\source\repos\Embe.C2C\src\Embe.C2C.Application\Authorizations\FactGenerators\AuthorizationFactGenerator.cs", "C#", 6, 0, 0, 0, 0, 0, 0, 0, 0, 0, 0, 0, 3, 9
"c:\Users\Miro\source\repos\Embe.C2C\src\Embe.C2C.Application\Authorizations\FactGenerators\JudgementAuthorizationFactGenerator.cs", "C#", 35, 0, 0, 0, 0, 0, 0, 0, 0, 0, 0, 0, 4, 39
"c:\Users\Miro\source\repos\Embe.C2C\src\Embe.C2C.Application\Authorizations\FactGenerators\MatchingFactGenerator.cs", "C#", 27, 0, 0, 0, 0, 0, 0, 0, 0, 0, 0, 0, 5, 32
"c:\Users\Miro\source\repos\Embe.C2C\src\Embe.C2C.Application\Authorizations\FactGenerators\MessageFactGenerator.cs", "C#", 91, 0, 0, 0, 0, 0, 0, 0, 0, 0, 0, 0, 13, 104
"c:\Users\Miro\source\repos\Embe.C2C\src\Embe.C2C.Application\Authorizations\FactGenerators\SearchProfileFactGenerator.cs", "C#", 36, 0, 0, 0, 0, 0, 0, 0, 0, 0, 0, 0, 6, 42
"c:\Users\Miro\source\repos\Embe.C2C\src\Embe.C2C.Application\Authorizations\FactGenerators\UserFactGenerator.cs", "C#", 73, 0, 0, 0, 0, 0, 0, 0, 0, 0, 0, 0, 8, 81
"c:\Users\Miro\source\repos\Embe.C2C\src\Embe.C2C.Application\Authorizations\FactStores\AuthorizationFact.cs", "C#", 2, 0, 0, 0, 0, 0, 0, 0, 0, 0, 0, 0, 2, 4
"c:\Users\Miro\source\repos\Embe.C2C\src\Embe.C2C.Application\Authorizations\FactStores\AuthorizationFactStore.cs", "C#", 27, 0, 0, 0, 0, 0, 0, 0, 0, 0, 0, 0, 5, 32
"c:\Users\Miro\source\repos\Embe.C2C\src\Embe.C2C.Application\Authorizations\FactStores\Conversations\ConversationAuthorizationFactStore.cs", "C#", 35, 0, 0, 0, 0, 0, 0, 0, 0, 0, 0, 0, 4, 39
"c:\Users\Miro\source\repos\Embe.C2C\src\Embe.C2C.Application\Authorizations\FactStores\Conversations\Facts\IsParticipantConversationFact.cs", "C#", 2, 0, 0, 0, 0, 0, 0, 0, 0, 0, 0, 0, 1, 3
"c:\Users\Miro\source\repos\Embe.C2C\src\Embe.C2C.Application\Authorizations\FactStores\Judgements\Facts\IsJudgementJudge.cs", "C#", 2, 0, 0, 0, 0, 0, 0, 0, 0, 0, 0, 0, 1, 3
"c:\Users\Miro\source\repos\Embe.C2C\src\Embe.C2C.Application\Authorizations\FactStores\Judgements\Facts\IsJudgementJudgee.cs", "C#", 2, 0, 0, 0, 0, 0, 0, 0, 0, 0, 0, 0, 2, 4
"c:\Users\Miro\source\repos\Embe.C2C\src\Embe.C2C.Application\Authorizations\FactStores\Judgements\Facts\IsPositivelyJudgedJudgee.cs", "C#", 2, 0, 0, 0, 0, 0, 0, 0, 0, 0, 0, 0, 1, 3
"c:\Users\Miro\source\repos\Embe.C2C\src\Embe.C2C.Application\Authorizations\FactStores\Judgements\JudgementAuthorizationFactStore.cs", "C#", 56, 0, 0, 0, 0, 0, 0, 0, 0, 0, 0, 0, 10, 66
"c:\Users\Miro\source\repos\Embe.C2C\src\Embe.C2C.Application\Authorizations\FactStores\Matches\Facts\IsParticipantMatchFact.cs", "C#", 2, 0, 0, 0, 0, 0, 0, 0, 0, 0, 0, 0, 1, 3
"c:\Users\Miro\source\repos\Embe.C2C\src\Embe.C2C.Application\Authorizations\FactStores\Matches\MatchingAuthorizationFactStore.cs", "C#", 23, 0, 0, 0, 0, 0, 0, 0, 0, 0, 0, 0, 4, 27
"c:\Users\Miro\source\repos\Embe.C2C\src\Embe.C2C.Application\Authorizations\FactStores\Messages\Facts\AuthorMessageFact.cs", "C#", 2, 0, 0, 0, 0, 0, 0, 0, 0, 0, 0, 0, 1, 3
"c:\Users\Miro\source\repos\Embe.C2C\src\Embe.C2C.Application\Authorizations\FactStores\Messages\Facts\RecipientMessageFact.cs", "C#", 2, 0, 0, 0, 0, 0, 0, 0, 0, 0, 0, 0, 1, 3
"c:\Users\Miro\source\repos\Embe.C2C\src\Embe.C2C.Application\Authorizations\FactStores\Messages\MessageAuthorizationFactStore.cs", "C#", 64, 0, 0, 0, 0, 0, 0, 0, 0, 0, 0, 0, 7, 71
"c:\Users\Miro\source\repos\Embe.C2C\src\Embe.C2C.Application\Authorizations\FactStores\SearchProfiles\Facts\IsCandidateForUserFact.cs", "C#", 2, 0, 0, 0, 0, 0, 0, 0, 0, 0, 0, 1, 2, 5
"c:\Users\Miro\source\repos\Embe.C2C\src\Embe.C2C.Application\Authorizations\FactStores\SearchProfiles\Facts\IsMatchedFact.cs", "C#", 2, 0, 0, 0, 0, 0, 0, 0, 0, 0, 0, 0, 1, 3
"c:\Users\Miro\source\repos\Embe.C2C\src\Embe.C2C.Application\Authorizations\FactStores\SearchProfiles\Facts\IsOwnerFact.cs", "C#", 2, 0, 0, 0, 0, 0, 0, 0, 0, 0, 0, 0, 1, 3
"c:\Users\Miro\source\repos\Embe.C2C\src\Embe.C2C.Application\Authorizations\FactStores\SearchProfiles\SearchProfileAuthorizationFactStore.cs", "C#", 59, 0, 0, 0, 0, 0, 0, 0, 0, 0, 0, 0, 12, 71
"c:\Users\Miro\source\repos\Embe.C2C\src\Embe.C2C.Application\Authorizations\FactStores\Users\Facts\BlockedByUserFact.cs", "C#", 2, 0, 0, 0, 0, 0, 0, 0, 0, 0, 0, 0, 1, 3
"c:\Users\Miro\source\repos\Embe.C2C\src\Embe.C2C.Application\Authorizations\FactStores\Users\Facts\BlockingUserFact.cs", "C#", 2, 0, 0, 0, 0, 0, 0, 0, 0, 0, 0, 0, 2, 4
"c:\Users\Miro\source\repos\Embe.C2C\src\Embe.C2C.Application\Authorizations\FactStores\Users\Facts\CandidateUserFact.cs", "C#", 3, 0, 0, 0, 0, 0, 0, 0, 0, 0, 0, 0, 2, 5
"c:\Users\Miro\source\repos\Embe.C2C\src\Embe.C2C.Application\Authorizations\FactStores\Users\Facts\IsPositivelyJudgedByUser.cs", "C#", 2, 0, 0, 0, 0, 0, 0, 0, 0, 0, 0, 0, 1, 3
"c:\Users\Miro\source\repos\Embe.C2C\src\Embe.C2C.Application\Authorizations\FactStores\Users\Facts\MatchedUserFact.cs", "C#", 4, 0, 0, 0, 0, 0, 0, 0, 0, 0, 0, 0, 0, 4
"c:\Users\Miro\source\repos\Embe.C2C\src\Embe.C2C.Application\Authorizations\FactStores\Users\Facts\SameUserFact.cs", "C#", 2, 0, 0, 0, 0, 0, 0, 0, 0, 0, 0, 0, 1, 3
"c:\Users\Miro\source\repos\Embe.C2C\src\Embe.C2C.Application\Authorizations\FactStores\Users\UserAuthorizationFactStore.cs", "C#", 80, 0, 0, 0, 0, 0, 0, 0, 0, 0, 0, 0, 19, 99
"c:\Users\Miro\source\repos\Embe.C2C\src\Embe.C2C.Application\Authorizations\JudgementAuthorizationService.cs", "C#", 65, 0, 0, 0, 0, 0, 0, 0, 0, 0, 0, 21, 11, 97
"c:\Users\Miro\source\repos\Embe.C2C\src\Embe.C2C.Application\Authorizations\MatchingAuthorizationService.cs", "C#", 73, 0, 0, 0, 0, 0, 0, 0, 0, 0, 0, 41, 10, 124
"c:\Users\Miro\source\repos\Embe.C2C\src\Embe.C2C.Application\Authorizations\MessageAuthorizationService.cs", "C#", 81, 0, 0, 0, 0, 0, 0, 0, 0, 0, 0, 18, 9, 108
"c:\Users\Miro\source\repos\Embe.C2C\src\Embe.C2C.Application\Authorizations\SearchProfileAuthorizationService.cs", "C#", 79, 0, 0, 0, 0, 0, 0, 0, 0, 0, 0, 0, 15, 94
"c:\Users\Miro\source\repos\Embe.C2C\src\Embe.C2C.Application\Authorizations\UserAuthorizationService.cs", "C#", 108, 0, 0, 0, 0, 0, 0, 0, 0, 0, 0, 21, 19, 148
"c:\Users\Miro\source\repos\Embe.C2C\src\Embe.C2C.Application\Commands\Auth\Handlers\RefreshHandler.cs", "C#", 31, 0, 0, 0, 0, 0, 0, 0, 0, 0, 0, 0, 4, 35
"c:\Users\Miro\source\repos\Embe.C2C\src\Embe.C2C.Application\Commands\Auth\Handlers\SignInHandler.cs", "C#", 23, 0, 0, 0, 0, 0, 0, 0, 0, 0, 0, 0, 3, 26
"c:\Users\Miro\source\repos\Embe.C2C\src\Embe.C2C.Application\Commands\Auth\Handlers\SignOutHandler.cs", "C#", 32, 0, 0, 0, 0, 0, 0, 0, 0, 0, 0, 0, 4, 36
"c:\Users\Miro\source\repos\Embe.C2C\src\Embe.C2C.Application\Commands\Auth\RefreshCommand.cs", "C#", 2, 0, 0, 0, 0, 0, 0, 0, 0, 0, 0, 0, 1, 3
"c:\Users\Miro\source\repos\Embe.C2C\src\Embe.C2C.Application\Commands\Auth\SignInCommand.cs", "C#", 2, 0, 0, 0, 0, 0, 0, 0, 0, 0, 0, 0, 2, 4
"c:\Users\Miro\source\repos\Embe.C2C\src\Embe.C2C.Application\Commands\Auth\SignOutCommand.cs", "C#", 2, 0, 0, 0, 0, 0, 0, 0, 0, 0, 0, 0, 1, 3
"c:\Users\Miro\source\repos\Embe.C2C\src\Embe.C2C.Application\Commands\Judgements\Handlers\JudgeHandler.cs", "C#", 140, 0, 0, 0, 0, 0, 0, 0, 0, 0, 0, 0, 13, 153
"c:\Users\Miro\source\repos\Embe.C2C\src\Embe.C2C.Application\Commands\Judgements\JudgeCommand.cs", "C#", 2, 0, 0, 0, 0, 0, 0, 0, 0, 0, 0, 0, 1, 3
"c:\Users\Miro\source\repos\Embe.C2C\src\Embe.C2C.Application\Commands\Matching\Handlers\UnmatchHandler.cs", "C#", 49, 0, 0, 0, 0, 0, 0, 0, 0, 0, 0, 0, 7, 56
"c:\Users\Miro\source\repos\Embe.C2C\src\Embe.C2C.Application\Commands\Matching\UnmatchCommand.cs", "C#", 2, 0, 0, 0, 0, 0, 0, 0, 0, 0, 0, 0, 1, 3
"c:\Users\Miro\source\repos\Embe.C2C\src\Embe.C2C.Application\Commands\Messages\CreateMessageCommand.cs", "C#", 2, 0, 0, 0, 0, 0, 0, 0, 0, 0, 0, 0, 1, 3
"c:\Users\Miro\source\repos\Embe.C2C\src\Embe.C2C.Application\Commands\Messages\DeleteMessageCommand.cs", "C#", 2, 0, 0, 0, 0, 0, 0, 0, 0, 0, 0, 0, 1, 3
"c:\Users\Miro\source\repos\Embe.C2C\src\Embe.C2C.Application\Commands\Messages\EditMessageCommand.cs", "C#", 2, 0, 0, 0, 0, 0, 0, 0, 0, 0, 0, 0, 1, 3
"c:\Users\Miro\source\repos\Embe.C2C\src\Embe.C2C.Application\Commands\Messages\Handlers\CreateMessageHandler.cs", "C#", 87, 0, 0, 0, 0, 0, 0, 0, 0, 0, 0, 0, 13, 100
"c:\Users\Miro\source\repos\Embe.C2C\src\Embe.C2C.Application\Commands\Messages\Handlers\DeleteMessageHandler.cs", "C#", 74, 0, 0, 0, 0, 0, 0, 0, 0, 0, 0, 0, 11, 85
"c:\Users\Miro\source\repos\Embe.C2C\src\Embe.C2C.Application\Commands\Messages\Handlers\EditMessageHandler.cs", "C#", 76, 0, 0, 0, 0, 0, 0, 0, 0, 0, 0, 0, 10, 86
"c:\Users\Miro\source\repos\Embe.C2C\src\Embe.C2C.Application\Commands\Messages\Handlers\MarkMessagesAsSeenHandler.cs", "C#", 42, 0, 0, 0, 0, 0, 0, 0, 0, 0, 0, 0, 5, 47
"c:\Users\Miro\source\repos\Embe.C2C\src\Embe.C2C.Application\Commands\Messages\MarkMessagesAsSeenCommand.cs", "C#", 2, 0, 0, 0, 0, 0, 0, 0, 0, 0, 0, 0, 1, 3
"c:\Users\Miro\source\repos\Embe.C2C\src\Embe.C2C.Application\Commands\Notifications\DeleteCommand.cs", "C#", 2, 0, 0, 0, 0, 0, 0, 0, 0, 0, 0, 0, 1, 3
"c:\Users\Miro\source\repos\Embe.C2C\src\Embe.C2C.Application\Commands\Notifications\Handlers\DeleteHandler.cs", "C#", 0, 0, 0, 0, 0, 0, 0, 0, 0, 0, 0, 0, 1, 1
"c:\Users\Miro\source\repos\Embe.C2C\src\Embe.C2C.Application\Commands\Notifications\Handlers\MarkAsReadHandler.cs", "C#", 30, 0, 0, 0, 0, 0, 0, 0, 0, 0, 0, 0, 6, 36
"c:\Users\Miro\source\repos\Embe.C2C\src\Embe.C2C.Application\Commands\Notifications\MarkAsReadCommand.cs", "C#", 2, 0, 0, 0, 0, 0, 0, 0, 0, 0, 0, 0, 2, 4
"c:\Users\Miro\source\repos\Embe.C2C\src\Embe.C2C.Application\Commands\SearchProfiles\CreateSearchProfileCommand.cs", "C#", 23, 0, 0, 0, 0, 0, 0, 0, 0, 0, 0, 0, 3, 26
"c:\Users\Miro\source\repos\Embe.C2C\src\Embe.C2C.Application\Commands\SearchProfiles\Handlers\CreateSearchProfileHandler.cs", "C#", 105, 0, 0, 0, 0, 0, 0, 0, 0, 0, 0, 0, 8, 113
"c:\Users\Miro\source\repos\Embe.C2C\src\Embe.C2C.Application\Commands\SearchProfiles\Handlers\UpdateSearchProfileHandler.cs", "C#", 125, 0, 0, 0, 0, 0, 0, 0, 0, 0, 0, 0, 11, 136
"c:\Users\Miro\source\repos\Embe.C2C\src\Embe.C2C.Application\Commands\SearchProfiles\UpdateSearchProfileCommand.cs", "C#", 16, 0, 0, 0, 0, 0, 0, 0, 0, 0, 0, 0, 2, 18
"c:\Users\Miro\source\repos\Embe.C2C\src\Embe.C2C.Application\Commands\TransactionalCommandHandler.cs", "C#", 47, 0, 0, 0, 0, 0, 0, 0, 0, 0, 0, 0, 9, 56
"c:\Users\Miro\source\repos\Embe.C2C\src\Embe.C2C.Application\Commands\Users\DeleteCommand.cs", "C#", 2, 0, 0, 0, 0, 0, 0, 0, 0, 0, 0, 0, 1, 3
"c:\Users\Miro\source\repos\Embe.C2C\src\Embe.C2C.Application\Commands\Users\GenerateCandidatesCommand.cs", "C#", 6, 0, 0, 0, 0, 0, 0, 0, 0, 0, 0, 0, 1, 7
"c:\Users\Miro\source\repos\Embe.C2C\src\Embe.C2C.Application\Commands\Users\Handlers\DeleteHandler.cs", "C#", 57, 0, 0, 0, 0, 0, 0, 0, 0, 0, 0, 0, 10, 67
"c:\Users\Miro\source\repos\Embe.C2C\src\Embe.C2C.Application\Commands\Users\Handlers\GenerateCandidatesHandler.cs", "C#", 87, 0, 0, 0, 0, 0, 0, 0, 0, 0, 0, 0, 10, 97
"c:\Users\Miro\source\repos\Embe.C2C\src\Embe.C2C.Application\Commands\Users\Handlers\RegisterHandler.cs", "C#", 55, 0, 0, 0, 0, 0, 0, 0, 0, 0, 0, 0, 8, 63
"c:\Users\Miro\source\repos\Embe.C2C\src\Embe.C2C.Application\Commands\Users\Handlers\UpdateHandler.cs", "C#", 117, 0, 0, 0, 0, 0, 0, 0, 0, 0, 0, 0, 16, 133
"c:\Users\Miro\source\repos\Embe.C2C\src\Embe.C2C.Application\Commands\Users\RegisterCommand.cs", "C#", 28, 0, 0, 0, 0, 0, 0, 0, 0, 0, 0, 0, 4, 32
"c:\Users\Miro\source\repos\Embe.C2C\src\Embe.C2C.Application\Commands\Users\UpdateCommand.cs", "C#", 20, 0, 0, 0, 0, 0, 0, 0, 0, 0, 0, 0, 3, 23
"c:\Users\Miro\source\repos\Embe.C2C\src\Embe.C2C.Application\Dtos\Read\Aggregates\Account.cs", "C#", 24, 0, 0, 0, 0, 0, 0, 0, 0, 0, 0, 0, 4, 28
"c:\Users\Miro\source\repos\Embe.C2C\src\Embe.C2C.Application\Dtos\Read\Aggregates\Blocking.cs", "C#", 22, 0, 0, 0, 0, 0, 0, 0, 0, 0, 0, 0, 4, 26
"c:\Users\Miro\source\repos\Embe.C2C\src\Embe.C2C.Application\Dtos\Read\Aggregates\Contact.cs", "C#", 22, 0, 0, 0, 0, 0, 0, 0, 0, 0, 0, 0, 4, 26
"c:\Users\Miro\source\repos\Embe.C2C\src\Embe.C2C.Application\Dtos\Read\Aggregates\ContactRequest.cs", "C#", 26, 0, 0, 0, 0, 0, 0, 0, 0, 0, 0, 0, 4, 30
"c:\Users\Miro\source\repos\Embe.C2C\src\Embe.C2C.Application\Dtos\Read\Aggregates\Judgement.cs", "C#", 39, 0, 0, 0, 0, 0, 0, 0, 0, 0, 0, 0, 7, 46
"c:\Users\Miro\source\repos\Embe.C2C\src\Embe.C2C.Application\Dtos\Read\Aggregates\Matching.cs", "C#", 43, 0, 0, 0, 0, 0, 0, 0, 0, 0, 0, 0, 7, 50
"c:\Users\Miro\source\repos\Embe.C2C\src\Embe.C2C.Application\Dtos\Read\Aggregates\Message.cs", "C#", 46, 0, 0, 0, 0, 0, 0, 0, 0, 0, 0, 0, 6, 52
"c:\Users\Miro\source\repos\Embe.C2C\src\Embe.C2C.Application\Dtos\Read\Aggregates\Notification.cs", "C#", 47, 0, 0, 0, 0, 0, 0, 0, 0, 0, 0, 0, 6, 53
"c:\Users\Miro\source\repos\Embe.C2C\src\Embe.C2C.Application\Dtos\Read\Aggregates\SearchProfile.cs", "C#", 48, 0, 0, 0, 0, 0, 0, 0, 0, 0, 0, 0, 6, 54
"c:\Users\Miro\source\repos\Embe.C2C\src\Embe.C2C.Application\Dtos\Read\Aggregates\Transaction.cs", "C#", 33, 0, 0, 0, 0, 0, 0, 0, 0, 0, 0, 0, 4, 37
"c:\Users\Miro\source\repos\Embe.C2C\src\Embe.C2C.Application\Dtos\Read\Aggregates\User.cs", "C#", 63, 0, 0, 0, 0, 0, 0, 0, 0, 0, 0, 0, 7, 70
"c:\Users\Miro\source\repos\Embe.C2C\src\Embe.C2C.Application\Dtos\Read\DtoProperty.cs", "C#", 6, 0, 0, 0, 0, 0, 0, 0, 0, 0, 0, 0, 1, 7
"c:\Users\Miro\source\repos\Embe.C2C\src\Embe.C2C.Application\Dtos\Read\Entities\ConversationDto.cs", "C#", 48, 0, 0, 0, 0, 0, 0, 0, 0, 0, 0, 0, 7, 55
"c:\Users\Miro\source\repos\Embe.C2C\src\Embe.C2C.Application\Dtos\Read\Entities\ImageDto.cs", "C#", 31, 0, 0, 0, 0, 0, 0, 0, 0, 0, 0, 0, 5, 36
"c:\Users\Miro\source\repos\Embe.C2C\src\Embe.C2C.Application\Dtos\Read\ReadDto.cs", "C#", 7, 0, 0, 0, 0, 0, 0, 0, 0, 0, 0, 0, 2, 9
"c:\Users\Miro\source\repos\Embe.C2C\src\Embe.C2C.Application\Dtos\Read\ValueObjects\CurrencyDto.cs", "C#", 14, 0, 0, 0, 0, 0, 0, 0, 0, 0, 0, 0, 3, 17
"c:\Users\Miro\source\repos\Embe.C2C\src\Embe.C2C.Application\Dtos\Read\ValueObjects\Distance.cs", "C#", 14, 0, 0, 0, 0, 0, 0, 0, 0, 0, 0, 0, 3, 17
"c:\Users\Miro\source\repos\Embe.C2C\src\Embe.C2C.Application\Dtos\Read\ValueObjects\FileDetailsDto.cs", "C#", 16, 0, 0, 0, 0, 0, 0, 0, 0, 0, 0, 0, 2, 18
"c:\Users\Miro\source\repos\Embe.C2C\src\Embe.C2C.Application\Dtos\Read\ValueObjects\LocationDto.cs", "C#", 13, 0, 0, 0, 0, 0, 0, 0, 0, 0, 0, 0, 2, 15
"c:\Users\Miro\source\repos\Embe.C2C\src\Embe.C2C.Application\Dtos\Read\ValueObjects\MoneyDto.cs", "C#", 14, 0, 0, 0, 0, 0, 0, 0, 0, 0, 0, 0, 4, 18
"c:\Users\Miro\source\repos\Embe.C2C\src\Embe.C2C.Application\Dtos\Read\Variants\Aggregates\JudgementVariant.cs", "C#", 30, 0, 0, 0, 0, 0, 0, 0, 0, 0, 0, 0, 6, 36
"c:\Users\Miro\source\repos\Embe.C2C\src\Embe.C2C.Application\Dtos\Read\Variants\Aggregates\MatchingVariant.cs", "C#", 93, 0, 0, 0, 0, 0, 0, 0, 0, 0, 0, 0, 12, 105
"c:\Users\Miro\source\repos\Embe.C2C\src\Embe.C2C.Application\Dtos\Read\Variants\Aggregates\SearchProfileVariant.cs", "C#", 91, 0, 0, 0, 0, 0, 0, 0, 0, 0, 0, 0, 6, 97
"c:\Users\Miro\source\repos\Embe.C2C\src\Embe.C2C.Application\Dtos\Read\Variants\Aggregates\UserVariant.cs", "C#", 136, 0, 0, 0, 0, 0, 0, 0, 0, 0, 0, 0, 9, 145
"c:\Users\Miro\source\repos\Embe.C2C\src\Embe.C2C.Application\Dtos\Read\Variants\ValueObjects\DatingPreferencesVariant.cs", "C#", 31, 0, 0, 0, 0, 0, 0, 0, 0, 0, 0, 0, 5, 36
"c:\Users\Miro\source\repos\Embe.C2C\src\Embe.C2C.Application\Dtos\UrlGenerator.cs", "C#", 22, 0, 0, 0, 0, 0, 0, 0, 0, 0, 0, 0, 5, 27
"c:\Users\Miro\source\repos\Embe.C2C\src\Embe.C2C.Application\Dtos\Write\Aggregates\AccountWriteDto.cs", "C#", 9, 0, 0, 0, 0, 0, 0, 0, 0, 0, 0, 0, 2, 11
"c:\Users\Miro\source\repos\Embe.C2C\src\Embe.C2C.Application\Dtos\Write\Aggregates\BlockingWriteDto.cs", "C#", 8, 0, 0, 0, 0, 0, 0, 0, 0, 0, 0, 0, 1, 9
"c:\Users\Miro\source\repos\Embe.C2C\src\Embe.C2C.Application\Dtos\Write\Aggregates\ContactRequestWriteDto.cs", "C#", 10, 0, 0, 0, 0, 0, 0, 0, 0, 0, 0, 0, 1, 11
"c:\Users\Miro\source\repos\Embe.C2C\src\Embe.C2C.Application\Dtos\Write\Aggregates\ContactWriteDto.cs", "C#", 8, 0, 0, 0, 0, 0, 0, 0, 0, 0, 0, 0, 1, 9
"c:\Users\Miro\source\repos\Embe.C2C\src\Embe.C2C.Application\Dtos\Write\Aggregates\JudgementWriteDto.cs", "C#", 10, 0, 0, 0, 0, 0, 0, 0, 0, 0, 0, 0, 1, 11
"c:\Users\Miro\source\repos\Embe.C2C\src\Embe.C2C.Application\Dtos\Write\Aggregates\MatchingWriteDto.cs", "C#", 12, 0, 0, 0, 0, 0, 0, 0, 0, 0, 0, 0, 2, 14
"c:\Users\Miro\source\repos\Embe.C2C\src\Embe.C2C.Application\Dtos\Write\Aggregates\MessageWriteDto.cs", "C#", 12, 0, 0, 0, 0, 0, 0, 0, 0, 0, 0, 0, 1, 13
"c:\Users\Miro\source\repos\Embe.C2C\src\Embe.C2C.Application\Dtos\Write\Aggregates\TransactionWriteDto.cs", "C#", 14, 0, 0, 0, 0, 0, 0, 0, 0, 0, 0, 0, 3, 17
"c:\Users\Miro\source\repos\Embe.C2C\src\Embe.C2C.Application\Dtos\Write\Aggregates\UserWriteDto.cs", "C#", 18, 0, 0, 0, 0, 0, 0, 0, 0, 0, 0, 0, 2, 20
"c:\Users\Miro\source\repos\Embe.C2C\src\Embe.C2C.Application\Dtos\Write\Entities\ConversationWriteDto.cs", "C#", 15, 0, 0, 0, 0, 0, 0, 0, 0, 0, 0, 0, 2, 17
"c:\Users\Miro\source\repos\Embe.C2C\src\Embe.C2C.Application\Dtos\Write\Entities\FileWriteDto.cs", "C#", 11, 0, 0, 0, 0, 0, 0, 0, 0, 0, 0, 0, 2, 13
"c:\Users\Miro\source\repos\Embe.C2C\src\Embe.C2C.Application\Dtos\Write\ValueObjects\CurrencyWriteDto.cs", "C#", 7, 0, 0, 0, 0, 0, 0, 0, 0, 0, 0, 0, 1, 8
"c:\Users\Miro\source\repos\Embe.C2C\src\Embe.C2C.Application\Dtos\Write\ValueObjects\DistanceWriteDto.cs", "C#", 7, 0, 0, 0, 0, 0, 0, 0, 0, 0, 0, 0, 2, 9
"c:\Users\Miro\source\repos\Embe.C2C\src\Embe.C2C.Application\Dtos\Write\ValueObjects\EngagementWriteDto.cs", "C#", 10, 0, 0, 0, 0, 0, 0, 0, 0, 0, 0, 0, 2, 12
"c:\Users\Miro\source\repos\Embe.C2C\src\Embe.C2C.Application\Dtos\Write\ValueObjects\FileDetailsWriteDto.cs", "C#", 8, 0, 0, 0, 0, 0, 0, 0, 0, 0, 0, 0, 1, 9
"c:\Users\Miro\source\repos\Embe.C2C\src\Embe.C2C.Application\Dtos\Write\ValueObjects\LocationWriteDto.cs", "C#", 6, 0, 0, 0, 0, 0, 0, 0, 0, 0, 0, 0, 2, 8
"c:\Users\Miro\source\repos\Embe.C2C\src\Embe.C2C.Application\Dtos\Write\ValueObjects\MoneyWriteDto.cs", "C#", 6, 0, 0, 0, 0, 0, 0, 0, 0, 0, 0, 0, 1, 7
"c:\Users\Miro\source\repos\Embe.C2C\src\Embe.C2C.Application\Embe.C2C.Application.csproj", "XML", 0, 0, 0, 0, 14, 0, 0, 0, 0, 0, 0, 0, 5, 19
"c:\Users\Miro\source\repos\Embe.C2C\src\Embe.C2C.Application\Enrichment\Aggregates\UserEnriched.cs", "C#", 7, 0, 0, 0, 0, 0, 0, 0, 0, 0, 0, 0, 2, 9
"c:\Users\Miro\source\repos\Embe.C2C\src\Embe.C2C.Application\EventHandlers\DomainEventHandler.cs", "C#", 208, 0, 0, 0, 0, 0, 0, 0, 0, 0, 0, 0, 22, 230
"c:\Users\Miro\source\repos\Embe.C2C\src\Embe.C2C.Application\EventHandlers\IntegrationEventHandler.cs", "C#", 64, 0, 0, 0, 0, 0, 0, 0, 0, 0, 0, 1, 15, 80
"c:\Users\Miro\source\repos\Embe.C2C\src\Embe.C2C.Application\Events\IntegrationEvent.cs", "C#", 17, 0, 0, 0, 0, 0, 0, 0, 0, 0, 0, 0, 3, 20
"c:\Users\Miro\source\repos\Embe.C2C\src\Embe.C2C.Application\Events\IntegrationEventCollector.cs", "C#", 14, 0, 0, 0, 0, 0, 0, 0, 0, 0, 0, 0, 3, 17
"c:\Users\Miro\source\repos\Embe.C2C\src\Embe.C2C.Application\Events\Messages\MessageCreated.cs", "C#", 8, 0, 0, 0, 0, 0, 0, 0, 0, 0, 0, 0, 2, 10
"c:\Users\Miro\source\repos\Embe.C2C\src\Embe.C2C.Application\Events\Messages\MessageDeleted.cs", "C#", 8, 0, 0, 0, 0, 0, 0, 0, 0, 0, 0, 0, 2, 10
"c:\Users\Miro\source\repos\Embe.C2C\src\Embe.C2C.Application\Events\Messages\MessageEdited.cs", "C#", 8, 0, 0, 0, 0, 0, 0, 0, 0, 0, 0, 0, 2, 10
"c:\Users\Miro\source\repos\Embe.C2C\src\Embe.C2C.Application\Events\Messages\MessageSeen.cs", "C#", 8, 0, 0, 0, 0, 0, 0, 0, 0, 0, 0, 0, 1, 9
"c:\Users\Miro\source\repos\Embe.C2C\src\Embe.C2C.Application\Events\Messages\MessageUnseen.cs", "C#", 8, 0, 0, 0, 0, 0, 0, 0, 0, 0, 0, 0, 2, 10
"c:\Users\Miro\source\repos\Embe.C2C\src\Embe.C2C.Application\Events\Notifications\NotificationCreatedEvent.cs", "C#", 3, 0, 0, 0, 0, 0, 0, 0, 0, 0, 0, 0, 3, 6
"c:\Users\Miro\source\repos\Embe.C2C\src\Embe.C2C.Application\Events\Notifications\NotificationDeletedEvent.cs", "C#", 2, 0, 0, 0, 0, 0, 0, 0, 0, 0, 0, 0, 1, 3
"c:\Users\Miro\source\repos\Embe.C2C\src\Embe.C2C.Application\Events\Notifications\NotificationUpdatedEvent.cs", "C#", 3, 0, 0, 0, 0, 0, 0, 0, 0, 0, 0, 0, 3, 6
"c:\Users\Miro\source\repos\Embe.C2C\src\Embe.C2C.Application\Extensions\Domain\Aggregates\JudgementExtensions.cs", "C#", 32, 0, 0, 0, 0, 0, 0, 0, 0, 0, 0, 0, 2, 34
"c:\Users\Miro\source\repos\Embe.C2C\src\Embe.C2C.Application\Extensions\Domain\Aggregates\MatchingExtensions.cs", "C#", 63, 0, 0, 0, 0, 0, 0, 0, 0, 0, 0, 0, 7, 70
"c:\Users\Miro\source\repos\Embe.C2C\src\Embe.C2C.Application\Extensions\Domain\Aggregates\MessageExtensions.cs", "C#", 28, 0, 0, 0, 0, 0, 0, 0, 0, 0, 0, 0, 2, 30
"c:\Users\Miro\source\repos\Embe.C2C\src\Embe.C2C.Application\Extensions\Domain\Aggregates\SearchProfileExtensions.cs", "C#", 22, 0, 0, 0, 0, 0, 0, 0, 0, 0, 0, 0, 2, 24
"c:\Users\Miro\source\repos\Embe.C2C\src\Embe.C2C.Application\Extensions\Domain\Aggregates\UserExtensions.cs", "C#", 38, 0, 0, 0, 0, 0, 0, 0, 0, 0, 0, 0, 5, 43
"c:\Users\Miro\source\repos\Embe.C2C\src\Embe.C2C.Application\Extensions\NotificationDtoExtensions.cs", "C#", 16, 0, 0, 0, 0, 0, 0, 0, 0, 0, 0, 0, 3, 19
"c:\Users\Miro\source\repos\Embe.C2C\src\Embe.C2C.Application\Extensions\ServiceCollectionExtensions.cs", "C#", 92, 0, 0, 0, 0, 0, 0, 0, 0, 0, 0, 0, 23, 115
"c:\Users\Miro\source\repos\Embe.C2C\src\Embe.C2C.Application\Extensions\StringExtensions.cs", "C#", 30, 0, 0, 0, 0, 0, 0, 0, 0, 0, 0, 0, 2, 32
"c:\Users\Miro\source\repos\Embe.C2C\src\Embe.C2C.Application\Queries\Auth\AccountExistsQuery.cs", "C#", 2, 0, 0, 0, 0, 0, 0, 0, 0, 0, 0, 0, 1, 3
"c:\Users\Miro\source\repos\Embe.C2C\src\Embe.C2C.Application\Queries\Auth\Handlers\AccountExistsHandler.cs", "C#", 16, 0, 0, 0, 0, 0, 0, 0, 0, 0, 0, 0, 4, 20
"c:\Users\Miro\source\repos\Embe.C2C\src\Embe.C2C.Application\Queries\Geography\GetAdminAreaByIdQuery.cs", "C#", 2, 0, 0, 0, 0, 0, 0, 0, 0, 0, 0, 0, 1, 3
"c:\Users\Miro\source\repos\Embe.C2C\src\Embe.C2C.Application\Queries\Geography\GetAdminAreaQuery.cs", "C#", 2, 0, 0, 0, 0, 0, 0, 0, 0, 0, 0, 0, 1, 3
"c:\Users\Miro\source\repos\Embe.C2C\src\Embe.C2C.Application\Queries\Geography\Handlers\GetAdminAreaByIdHandler.cs", "C#", 24, 0, 0, 0, 0, 0, 0, 0, 0, 0, 0, 0, 6, 30
"c:\Users\Miro\source\repos\Embe.C2C\src\Embe.C2C.Application\Queries\Geography\Handlers\GetAdminAreaHandler.cs", "C#", 24, 0, 0, 0, 0, 0, 0, 0, 0, 0, 0, 0, 4, 28
"c:\Users\Miro\source\repos\Embe.C2C\src\Embe.C2C.Application\Queries\Geography\Handlers\GetCountryAdminAreaHandler.cs", "C#", 20, 0, 0, 0, 0, 0, 0, 0, 0, 0, 0, 0, 4, 24
"c:\Users\Miro\source\repos\Embe.C2C\src\Embe.C2C.Application\Queries\Geography\Handlers\ReverseGeocodeHandler.cs", "C#", 17, 0, 0, 0, 0, 0, 0, 0, 0, 0, 0, 0, 4, 21
"c:\Users\Miro\source\repos\Embe.C2C\src\Embe.C2C.Application\Queries\Geography\ReverseGeocodeQuery.cs", "C#", 2, 0, 0, 0, 0, 0, 0, 0, 0, 0, 0, 0, 1, 3
"c:\Users\Miro\source\repos\Embe.C2C\src\Embe.C2C.Application\Queries\Judgements\GetPositiveJudgementsQuery.cs", "C#", 2, 0, 0, 0, 0, 0, 0, 0, 0, 0, 0, 0, 1, 3
"c:\Users\Miro\source\repos\Embe.C2C\src\Embe.C2C.Application\Queries\Judgements\Handlers\GetPositiveJudgementsHandler.cs", "C#", 60, 0, 0, 0, 0, 0, 0, 0, 0, 0, 0, 0, 8, 68
"c:\Users\Miro\source\repos\Embe.C2C\src\Embe.C2C.Application\Queries\Matchings\GetMatchingByIdQuery.cs", "C#", 2, 0, 0, 0, 0, 0, 0, 0, 0, 0, 0, 0, 1, 3
"c:\Users\Miro\source\repos\Embe.C2C\src\Embe.C2C.Application\Queries\Matchings\GetMatchingsQuery.cs", "C#", 2, 0, 0, 0, 0, 0, 0, 0, 0, 0, 0, 0, 1, 3
"c:\Users\Miro\source\repos\Embe.C2C\src\Embe.C2C.Application\Queries\Matchings\Handlers\GetMatchingByIdHandler.cs", "C#", 86, 0, 0, 0, 0, 0, 0, 0, 0, 0, 0, 0, 8, 94
"c:\Users\Miro\source\repos\Embe.C2C\src\Embe.C2C.Application\Queries\Matchings\Handlers\GetMatchingsHandler.cs", "C#", 79, 0, 0, 0, 0, 0, 0, 0, 0, 0, 0, 6, 7, 92
"c:\Users\Miro\source\repos\Embe.C2C\src\Embe.C2C.Application\Queries\Messages\GetMessageByIdQuery.cs", "C#", 2, 0, 0, 0, 0, 0, 0, 0, 0, 0, 0, 0, 1, 3
"c:\Users\Miro\source\repos\Embe.C2C\src\Embe.C2C.Application\Queries\Messages\GetMessagesByMatchingIdQuery.cs", "C#", 2, 0, 0, 0, 0, 0, 0, 0, 0, 0, 0, 0, 1, 3
"c:\Users\Miro\source\repos\Embe.C2C\src\Embe.C2C.Application\Queries\Messages\Handlers\GetMessageByIdHandler.cs", "C#", 40, 0, 0, 0, 0, 0, 0, 0, 0, 0, 0, 0, 6, 46
"c:\Users\Miro\source\repos\Embe.C2C\src\Embe.C2C.Application\Queries\Messages\Handlers\GetMessagesByMatchingIdHandler.cs", "C#", 44, 0, 0, 0, 0, 0, 0, 0, 0, 0, 0, 0, 6, 50
"c:\Users\Miro\source\repos\Embe.C2C\src\Embe.C2C.Application\Queries\Notifications\Handlers\GetNotificationsHandler.cs", "C#", 29, 0, 0, 0, 0, 0, 0, 0, 0, 0, 0, 0, 4, 33
"c:\Users\Miro\source\repos\Embe.C2C\src\Embe.C2C.Application\Queries\Notifications\Handlers\HasUnreadHandler.cs", "C#", 23, 0, 0, 0, 0, 0, 0, 0, 0, 0, 0, 0, 4, 27
"c:\Users\Miro\source\repos\Embe.C2C\src\Embe.C2C.Application\Queries\PagedQuery.cs", "C#", 16, 0, 0, 0, 0, 0, 0, 0, 0, 0, 0, 0, 4, 20
"c:\Users\Miro\source\repos\Embe.C2C\src\Embe.C2C.Application\Queries\SearchProfiles\GetAllSearchProfilesQuery.cs", "C#", 2, 0, 0, 0, 0, 0, 0, 0, 0, 0, 0, 0, 1, 3
"c:\Users\Miro\source\repos\Embe.C2C\src\Embe.C2C.Application\Queries\SearchProfiles\GetSearchProfileQuery.cs", "C#", 5, 0, 0, 0, 0, 0, 0, 0, 0, 0, 0, 0, 1, 6
"c:\Users\Miro\source\repos\Embe.C2C\src\Embe.C2C.Application\Queries\SearchProfiles\Handlers\GetAllSearchProfilesQuery.cs", "C#", 51, 0, 0, 0, 0, 0, 0, 0, 0, 0, 0, 0, 6, 57
"c:\Users\Miro\source\repos\Embe.C2C\src\Embe.C2C.Application\Queries\SearchProfiles\Handlers\GetSearchProfileHandler.cs", "C#", 64, 0, 0, 0, 0, 0, 0, 0, 0, 0, 0, 0, 7, 71
"c:\Users\Miro\source\repos\Embe.C2C\src\Embe.C2C.Application\Queries\TransactionalQueryHandler.cs", "C#", 22, 0, 0, 0, 0, 0, 0, 0, 0, 0, 0, 0, 5, 27
"c:\Users\Miro\source\repos\Embe.C2C\src\Embe.C2C.Application\Queries\Users\GetHasSearchProfileQuery.cs", "C#", 6, 0, 0, 0, 0, 0, 0, 0, 0, 0, 0, 0, 1, 7
"c:\Users\Miro\source\repos\Embe.C2C\src\Embe.C2C.Application\Queries\Users\GetMeQuery.cs", "C#", 6, 0, 0, 0, 0, 0, 0, 0, 0, 0, 0, 0, 1, 7
"c:\Users\Miro\source\repos\Embe.C2C\src\Embe.C2C.Application\Queries\Users\GetUserByIdQuery.cs", "C#", 4, 0, 0, 0, 0, 0, 0, 0, 0, 0, 0, 0, 0, 4
"c:\Users\Miro\source\repos\Embe.C2C\src\Embe.C2C.Application\Queries\Users\Handlers\GetHasSearchProfileHandler.cs", "C#", 25, 0, 0, 0, 0, 0, 0, 0, 0, 0, 0, 0, 5, 30
"c:\Users\Miro\source\repos\Embe.C2C\src\Embe.C2C.Application\Queries\Users\Handlers\GetMeHandler.cs", "C#", 37, 0, 0, 0, 0, 0, 0, 0, 0, 0, 0, 0, 4, 41
"c:\Users\Miro\source\repos\Embe.C2C\src\Embe.C2C.Application\Queries\Users\Handlers\GetUserByIdHandler.cs", "C#", 43, 0, 0, 0, 0, 0, 0, 0, 0, 0, 0, 0, 5, 48
"c:\Users\Miro\source\repos\Embe.C2C\src\Embe.C2C.Domain\Aggregates\Accounts\Account.cs", "C#", 131, 0, 0, 0, 0, 0, 0, 0, 0, 0, 0, 0, 24, 155
"c:\Users\Miro\source\repos\Embe.C2C\src\Embe.C2C.Domain\Aggregates\Accounts\Events\AccountClosedEvent.cs", "C#", 2, 0, 0, 0, 0, 0, 0, 0, 0, 0, 0, 0, 1, 3
"c:\Users\Miro\source\repos\Embe.C2C\src\Embe.C2C.Domain\Aggregates\Accounts\Events\AccountOpenedEvent.cs", "C#", 2, 0, 0, 0, 0, 0, 0, 0, 0, 0, 0, 0, 2, 4
"c:\Users\Miro\source\repos\Embe.C2C\src\Embe.C2C.Domain\Aggregates\Accounts\Events\AccountRemovedEvent.cs", "C#", 2, 0, 0, 0, 0, 0, 0, 0, 0, 0, 0, 0, 1, 3
"c:\Users\Miro\source\repos\Embe.C2C\src\Embe.C2C.Domain\Aggregates\Accounts\Events\DepositEvent.cs", "C#", 12, 0, 0, 0, 0, 0, 0, 0, 0, 0, 0, 0, 3, 15
"c:\Users\Miro\source\repos\Embe.C2C\src\Embe.C2C.Domain\Aggregates\Accounts\Events\WithdrawalEvent.cs", "C#", 12, 0, 0, 0, 0, 0, 0, 0, 0, 0, 0, 0, 4, 16
"c:\Users\Miro\source\repos\Embe.C2C\src\Embe.C2C.Domain\Aggregates\Aggregate.cs", "C#", 7, 0, 0, 0, 0, 0, 0, 0, 0, 0, 0, 0, 2, 9
"c:\Users\Miro\source\repos\Embe.C2C\src\Embe.C2C.Domain\Aggregates\Blockings\Blocking.cs", "C#", 39, 0, 0, 0, 0, 0, 0, 0, 0, 0, 0, 0, 8, 47
"c:\Users\Miro\source\repos\Embe.C2C\src\Embe.C2C.Domain\Aggregates\Blockings\Events\BlockingCreatedEvent.cs", "C#", 2, 0, 0, 0, 0, 0, 0, 0, 0, 0, 0, 0, 1, 3
"c:\Users\Miro\source\repos\Embe.C2C\src\Embe.C2C.Domain\Aggregates\Blockings\Events\BlockingRemovedEvent.cs", "C#", 2, 0, 0, 0, 0, 0, 0, 0, 0, 0, 0, 0, 1, 3
"c:\Users\Miro\source\repos\Embe.C2C\src\Embe.C2C.Domain\Aggregates\Candidates\Candidate.cs", "C#", 47, 0, 0, 0, 0, 0, 0, 0, 0, 0, 0, 0, 8, 55
"c:\Users\Miro\source\repos\Embe.C2C\src\Embe.C2C.Domain\Aggregates\ContactRequests\ContactRequest.cs", "C#", 66, 0, 0, 0, 0, 0, 0, 0, 0, 0, 0, 0, 13, 79
"c:\Users\Miro\source\repos\Embe.C2C\src\Embe.C2C.Domain\Aggregates\ContactRequests\Events\ContactRequestAcceptedEvent.cs", "C#", 2, 0, 0, 0, 0, 0, 0, 0, 0, 0, 0, 0, 2, 4
"c:\Users\Miro\source\repos\Embe.C2C\src\Embe.C2C.Domain\Aggregates\ContactRequests\Events\ContactRequestRejectedEvent.cs", "C#", 2, 0, 0, 0, 0, 0, 0, 0, 0, 0, 0, 0, 1, 3
"c:\Users\Miro\source\repos\Embe.C2C\src\Embe.C2C.Domain\Aggregates\ContactRequests\Events\ContactRequestRemovedEvent.cs", "C#", 2, 0, 0, 0, 0, 0, 0, 0, 0, 0, 0, 0, 1, 3
"c:\Users\Miro\source\repos\Embe.C2C\src\Embe.C2C.Domain\Aggregates\ContactRequests\Events\ContactRequestedCreatedEvent.cs", "C#", 2, 0, 0, 0, 0, 0, 0, 0, 0, 0, 0, 0, 2, 4
"c:\Users\Miro\source\repos\Embe.C2C\src\Embe.C2C.Domain\Aggregates\Contacts\Contact.cs", "C#", 40, 0, 0, 0, 0, 0, 0, 0, 0, 0, 0, 0, 9, 49
"c:\Users\Miro\source\repos\Embe.C2C\src\Embe.C2C.Domain\Aggregates\Contacts\Events\ContactRemovedEvent.cs", "C#", 2, 0, 0, 0, 0, 0, 0, 0, 0, 0, 0, 0, 1, 3
"c:\Users\Miro\source\repos\Embe.C2C\src\Embe.C2C.Domain\Aggregates\Judgements\Events\JudgementCreatedEvent.cs", "C#", 2, 0, 0, 0, 0, 0, 0, 0, 0, 0, 0, 0, 1, 3
"c:\Users\Miro\source\repos\Embe.C2C\src\Embe.C2C.Domain\Aggregates\Judgements\Events\JudgementEditedEvent.cs", "C#", 2, 0, 0, 0, 0, 0, 0, 0, 0, 0, 0, 0, 1, 3
"c:\Users\Miro\source\repos\Embe.C2C\src\Embe.C2C.Domain\Aggregates\Judgements\Events\LikeEvent.cs", "C#", 2, 0, 0, 0, 0, 0, 0, 0, 0, 0, 0, 0, 1, 3
"c:\Users\Miro\source\repos\Embe.C2C\src\Embe.C2C.Domain\Aggregates\Judgements\Judgement.cs", "C#", 51, 0, 0, 0, 0, 0, 0, 0, 0, 0, 0, 0, 11, 62
"c:\Users\Miro\source\repos\Embe.C2C\src\Embe.C2C.Domain\Aggregates\Matchings\Events\MatchingCreatedEvent.cs", "C#", 6, 0, 0, 0, 0, 0, 0, 0, 0, 0, 0, 0, 1, 7
"c:\Users\Miro\source\repos\Embe.C2C\src\Embe.C2C.Domain\Aggregates\Matchings\Events\MatchingRemovedEvent.cs", "C#", 2, 0, 0, 0, 0, 0, 0, 0, 0, 0, 0, 0, 1, 3
"c:\Users\Miro\source\repos\Embe.C2C\src\Embe.C2C.Domain\Aggregates\Matchings\Matching.cs", "C#", 74, 0, 0, 0, 0, 0, 0, 0, 0, 0, 0, 0, 10, 84
"c:\Users\Miro\source\repos\Embe.C2C\src\Embe.C2C.Domain\Aggregates\Messages\Events\MessageCreatedEvent.cs", "C#", 2, 0, 0, 0, 0, 0, 0, 0, 0, 0, 0, 0, 1, 3
"c:\Users\Miro\source\repos\Embe.C2C\src\Embe.C2C.Domain\Aggregates\Messages\Events\MessageEditedEvent.cs", "C#", 2, 0, 0, 0, 0, 0, 0, 0, 0, 0, 0, 0, 1, 3
"c:\Users\Miro\source\repos\Embe.C2C\src\Embe.C2C.Domain\Aggregates\Messages\Events\MessageRemovedEvent.cs", "C#", 2, 0, 0, 0, 0, 0, 0, 0, 0, 0, 0, 0, 1, 3
"c:\Users\Miro\source\repos\Embe.C2C\src\Embe.C2C.Domain\Aggregates\Messages\Events\MessageSeenEvent.cs", "C#", 2, 0, 0, 0, 0, 0, 0, 0, 0, 0, 0, 0, 1, 3
"c:\Users\Miro\source\repos\Embe.C2C\src\Embe.C2C.Domain\Aggregates\Messages\Events\MessageUnseenEvent.cs", "C#", 4, 0, 0, 0, 0, 0, 0, 0, 0, 0, 0, 0, 0, 4
"c:\Users\Miro\source\repos\Embe.C2C\src\Embe.C2C.Domain\Aggregates\Messages\Message.cs", "C#", 81, 0, 0, 0, 0, 0, 0, 0, 0, 0, 0, 0, 15, 96
"c:\Users\Miro\source\repos\Embe.C2C\src\Embe.C2C.Domain\Aggregates\Notifications\Events\NotificationRemovedEvent.cs", "C#", 2, 0, 0, 0, 0, 0, 0, 0, 0, 0, 0, 0, 1, 3
"c:\Users\Miro\source\repos\Embe.C2C\src\Embe.C2C.Domain\Aggregates\Notifications\Events\NotificationUpdatedEvent.cs", "C#", 2, 0, 0, 0, 0, 0, 0, 0, 0, 0, 0, 0, 1, 3
"c:\Users\Miro\source\repos\Embe.C2C\src\Embe.C2C.Domain\Aggregates\Notifications\Matchings\MatchingCreated.cs", "C#", 24, 0, 0, 0, 0, 0, 0, 0, 0, 0, 0, 0, 3, 27
"c:\Users\Miro\source\repos\Embe.C2C\src\Embe.C2C.Domain\Aggregates\Notifications\Matchings\MatchingNotification.cs", "C#", 27, 0, 0, 0, 0, 0, 0, 0, 0, 0, 0, 0, 4, 31
"c:\Users\Miro\source\repos\Embe.C2C\src\Embe.C2C.Domain\Aggregates\Notifications\Matchings\MatchingRemoved.cs", "C#", 22, 0, 0, 0, 0, 0, 0, 0, 0, 0, 0, 0, 4, 26
"c:\Users\Miro\source\repos\Embe.C2C\src\Embe.C2C.Domain\Aggregates\Notifications\Notification.cs", "C#", 36, 0, 0, 0, 0, 0, 0, 0, 0, 0, 0, 0, 8, 44
"c:\Users\Miro\source\repos\Embe.C2C\src\Embe.C2C.Domain\Aggregates\SearchProfiles\SearchProfile.cs", "C#", 203, 0, 0, 0, 0, 0, 0, 0, 0, 0, 0, 0, 33, 236
"c:\Users\Miro\source\repos\Embe.C2C\src\Embe.C2C.Domain\Aggregates\Transactions\Transaction.cs", "C#", 63, 0, 0, 0, 0, 0, 0, 0, 0, 0, 0, 1, 10, 74
"c:\Users\Miro\source\repos\Embe.C2C\src\Embe.C2C.Domain\Aggregates\Users\Events\UserCreatedEvent.cs", "C#", 2, 0, 0, 0, 0, 0, 0, 0, 0, 0, 0, 0, 1, 3
"c:\Users\Miro\source\repos\Embe.C2C\src\Embe.C2C.Domain\Aggregates\Users\Events\UserDeletedEvent.cs", "C#", 2, 0, 0, 0, 0, 0, 0, 0, 0, 0, 0, 0, 1, 3
"c:\Users\Miro\source\repos\Embe.C2C\src\Embe.C2C.Domain\Aggregates\Users\Events\UserImageRemovedEvent.cs", "C#", 2, 0, 0, 0, 0, 0, 0, 0, 0, 0, 0, 0, 1, 3
"c:\Users\Miro\source\repos\Embe.C2C\src\Embe.C2C.Domain\Aggregates\Users\User.cs", "C#", 197, 0, 0, 0, 0, 0, 0, 0, 0, 0, 0, 2, 30, 229
"c:\Users\Miro\source\repos\Embe.C2C\src\Embe.C2C.Domain\DomainError.cs", "C#", 3, 0, 0, 0, 0, 0, 0, 0, 0, 0, 0, 0, 1, 4
"c:\Users\Miro\source\repos\Embe.C2C\src\Embe.C2C.Domain\DomainEvent.cs", "C#", 6, 0, 0, 0, 0, 0, 0, 0, 0, 0, 0, 0, 1, 7
"c:\Users\Miro\source\repos\Embe.C2C\src\Embe.C2C.Domain\DomainEventCollector.cs", "C#", 17, 0, 0, 0, 0, 0, 0, 0, 0, 0, 0, 0, 4, 21
"c:\Users\Miro\source\repos\Embe.C2C\src\Embe.C2C.Domain\DomainEventStore.cs", "C#", 14, 0, 0, 0, 0, 0, 0, 0, 0, 0, 0, 0, 4, 18
"c:\Users\Miro\source\repos\Embe.C2C\src\Embe.C2C.Domain\DomainService.cs", "C#", 4, 0, 0, 0, 0, 0, 0, 0, 0, 0, 0, 0, 2, 6
"c:\Users\Miro\source\repos\Embe.C2C\src\Embe.C2C.Domain\Embe.C2C.Domain.csproj", "XML", 0, 0, 0, 0, 10, 0, 0, 0, 0, 0, 0, 0, 4, 14
"c:\Users\Miro\source\repos\Embe.C2C\src\Embe.C2C.Domain\Entities\Conversation.cs", "C#", 72, 0, 0, 0, 0, 0, 0, 0, 0, 0, 0, 0, 15, 87
"c:\Users\Miro\source\repos\Embe.C2C\src\Embe.C2C.Domain\Entities\Entity.cs", "C#", 7, 0, 0, 0, 0, 0, 0, 0, 0, 0, 0, 0, 2, 9
"c:\Users\Miro\source\repos\Embe.C2C\src\Embe.C2C.Domain\Entities\File.cs", "C#", 45, 0, 0, 0, 0, 0, 0, 0, 0, 0, 0, 0, 10, 55
"c:\Users\Miro\source\repos\Embe.C2C\src\Embe.C2C.Domain\Entities\SearchProfiles\SearchProfileGender.cs", "C#", 25, 0, 0, 0, 0, 0, 0, 0, 0, 0, 0, 0, 6, 31
"c:\Users\Miro\source\repos\Embe.C2C\src\Embe.C2C.Domain\Exceptions\DomainException.cs", "C#", 5, 0, 0, 0, 0, 0, 0, 0, 0, 0, 0, 0, 1, 6
"c:\Users\Miro\source\repos\Embe.C2C\src\Embe.C2C.Domain\Policies\CommunicationPolicy.cs", "C#", 30, 0, 0, 0, 0, 0, 0, 0, 0, 0, 0, 0, 5, 35
"c:\Users\Miro\source\repos\Embe.C2C\src\Embe.C2C.Domain\Services\BlockingService.cs", "C#", 25, 0, 0, 0, 0, 0, 0, 0, 0, 0, 0, 0, 4, 29
"c:\Users\Miro\source\repos\Embe.C2C\src\Embe.C2C.Domain\Services\ContactService.cs", "C#", 50, 0, 0, 0, 0, 0, 0, 0, 0, 0, 0, 0, 8, 58
"c:\Users\Miro\source\repos\Embe.C2C\src\Embe.C2C.Domain\Services\JudgementService.cs", "C#", 47, 0, 0, 0, 0, 0, 0, 0, 0, 0, 0, 0, 7, 54
"c:\Users\Miro\source\repos\Embe.C2C\src\Embe.C2C.Domain\Services\MatchingService.cs", "C#", 75, 0, 0, 0, 0, 0, 0, 0, 0, 0, 0, 0, 13, 88
"c:\Users\Miro\source\repos\Embe.C2C\src\Embe.C2C.Domain\Services\UserService.cs", "C#", 28, 0, 0, 0, 0, 0, 0, 0, 0, 0, 0, 0, 5, 33
"c:\Users\Miro\source\repos\Embe.C2C\src\Embe.C2C.Domain\ValueObjects\Actor.cs", "C#", 12, 0, 0, 0, 0, 0, 0, 0, 0, 0, 0, 0, 1, 13
"c:\Users\Miro\source\repos\Embe.C2C\src\Embe.C2C.Domain\ValueObjects\Age.cs", "C#", 39, 0, 0, 0, 0, 0, 0, 0, 0, 0, 0, 0, 8, 47
"c:\Users\Miro\source\repos\Embe.C2C\src\Embe.C2C.Domain\ValueObjects\BirthDate.cs", "C#", 18, 0, 0, 0, 0, 0, 0, 0, 0, 0, 0, 0, 4, 22
"c:\Users\Miro\source\repos\Embe.C2C\src\Embe.C2C.Domain\ValueObjects\Currency.cs", "C#", 7, 0, 0, 0, 0, 0, 0, 0, 0, 0, 0, 0, 1, 8
"c:\Users\Miro\source\repos\Embe.C2C\src\Embe.C2C.Domain\ValueObjects\Distance.cs", "C#", 43, 0, 0, 0, 0, 0, 0, 0, 0, 0, 0, 0, 8, 51
"c:\Users\Miro\source\repos\Embe.C2C\src\Embe.C2C.Domain\ValueObjects\Email.cs", "C#", 30, 0, 0, 0, 0, 0, 0, 0, 0, 0, 0, 0, 6, 36
"c:\Users\Miro\source\repos\Embe.C2C\src\Embe.C2C.Domain\ValueObjects\Engagements\Engagement.cs", "C#", 54, 0, 0, 0, 0, 0, 0, 0, 0, 0, 0, 0, 9, 63
"c:\Users\Miro\source\repos\Embe.C2C\src\Embe.C2C.Domain\ValueObjects\Engagements\Enums\EngagementBoundedness.cs", "C#", 7, 0, 0, 0, 0, 0, 0, 0, 0, 0, 0, 0, 1, 8
"c:\Users\Miro\source\repos\Embe.C2C\src\Embe.C2C.Domain\ValueObjects\Engagements\Enums\EngagementFrequency.cs", "C#", 10, 0, 0, 0, 0, 0, 0, 0, 0, 0, 0, 0, 1, 11
"c:\Users\Miro\source\repos\Embe.C2C\src\Embe.C2C.Domain\ValueObjects\Engagements\Enums\EngagementMedium.cs", "C#", 7, 0, 0, 0, 0, 0, 0, 0, 0, 0, 0, 0, 2, 9
"c:\Users\Miro\source\repos\Embe.C2C\src\Embe.C2C.Domain\ValueObjects\Engagements\Enums\FixedTermEngagementDomainError.cs", "C#", 8, 0, 0, 0, 0, 0, 0, 0, 0, 0, 0, 0, 1, 9
"c:\Users\Miro\source\repos\Embe.C2C\src\Embe.C2C.Domain\ValueObjects\FileDetails.cs", "C#", 32, 0, 0, 0, 0, 0, 0, 0, 0, 0, 0, 0, 7, 39
"c:\Users\Miro\source\repos\Embe.C2C\src\Embe.C2C.Domain\ValueObjects\Gender.cs", "C#", 9, 0, 0, 0, 0, 0, 0, 0, 0, 0, 0, 0, 1, 10
"c:\Users\Miro\source\repos\Embe.C2C\src\Embe.C2C.Domain\ValueObjects\Location.cs", "C#", 51, 0, 0, 0, 0, 0, 0, 0, 0, 0, 0, 0, 14, 65
"c:\Users\Miro\source\repos\Embe.C2C\src\Embe.C2C.Domain\ValueObjects\MessageContent.cs", "C#", 22, 0, 0, 0, 0, 0, 0, 0, 0, 0, 0, 0, 4, 26
"c:\Users\Miro\source\repos\Embe.C2C\src\Embe.C2C.Domain\ValueObjects\Money.cs", "C#", 38, 0, 0, 0, 0, 0, 0, 0, 0, 0, 0, 0, 10, 48
"c:\Users\Miro\source\repos\Embe.C2C\src\Embe.C2C.Domain\ValueObjects\RelationshipType.cs", "C#", 7, 0, 0, 0, 0, 0, 0, 0, 0, 0, 0, 0, 1, 8
"c:\Users\Miro\source\repos\Embe.C2C\src\Embe.C2C.Domain\ValueObjects\TransactionReason.cs", "C#", 9, 0, 0, 0, 0, 0, 0, 0, 0, 0, 0, 0, 1, 10
"c:\Users\Miro\source\repos\Embe.C2C\src\Embe.C2C.Domain\ValueObjects\TransactionType.cs", "C#", 6, 0, 0, 0, 0, 0, 0, 0, 0, 0, 0, 0, 1, 7
"c:\Users\Miro\source\repos\Embe.C2C\src\Embe.C2C.Domain\ValueObjects\UserName.cs", "C#", 22, 0, 0, 0, 0, 0, 0, 0, 0, 0, 0, 0, 5, 27
"c:\Users\Miro\source\repos\Embe.C2C\src\Embe.C2C.Infrastructure\ApiConfiguration.cs", "C#", 13, 0, 0, 0, 0, 0, 0, 0, 0, 0, 0, 0, 3, 16
"c:\Users\Miro\source\repos\Embe.C2C\src\Embe.C2C.Infrastructure\AspNetCore\AuthenticatedUserService.cs", "C#", 24, 0, 0, 0, 0, 0, 0, 0, 0, 0, 0, 0, 4, 28
"c:\Users\Miro\source\repos\Embe.C2C\src\Embe.C2C.Infrastructure\Azure\BlobStorageFileService.cs", "C#", 46, 0, 0, 0, 0, 0, 0, 0, 0, 0, 0, 0, 9, 55
"c:\Users\Miro\source\repos\Embe.C2C\src\Embe.C2C.Infrastructure\Azure\ServiceBusWorkItemService.cs", "C#", 19, 0, 0, 0, 0, 0, 0, 0, 0, 0, 0, 0, 4, 23
"c:\Users\Miro\source\repos\Embe.C2C\src\Embe.C2C.Infrastructure\Ef\Configurations\AbstractionConfigurations\AggregateConfiguration.cs", "C#", 13, 0, 0, 0, 0, 0, 0, 0, 0, 0, 0, 0, 2, 15
"c:\Users\Miro\source\repos\Embe.C2C\src\Embe.C2C.Infrastructure\Ef\Configurations\AbstractionConfigurations\EntityConfiguration.cs", "C#", 11, 0, 0, 0, 0, 0, 0, 0, 0, 0, 0, 0, 2, 13
"c:\Users\Miro\source\repos\Embe.C2C\src\Embe.C2C.Infrastructure\Ef\Configurations\AccountConfiguration.cs", "C#", 32, 0, 0, 0, 0, 0, 0, 0, 0, 0, 0, 0, 6, 38
"c:\Users\Miro\source\repos\Embe.C2C\src\Embe.C2C.Infrastructure\Ef\Configurations\AdminAreaConfiguration.cs", "C#", 21, 0, 0, 0, 0, 0, 0, 0, 0, 0, 0, 0, 3, 24
"c:\Users\Miro\source\repos\Embe.C2C\src\Embe.C2C.Infrastructure\Ef\Configurations\BlockingConfiguration.cs", "C#", 20, 0, 0, 0, 0, 0, 0, 0, 0, 0, 0, 0, 5, 25
"c:\Users\Miro\source\repos\Embe.C2C\src\Embe.C2C.Infrastructure\Ef\Configurations\CandidateConfiguration.cs", "C#", 29, 0, 0, 0, 0, 0, 0, 0, 0, 0, 0, 0, 6, 35
"c:\Users\Miro\source\repos\Embe.C2C\src\Embe.C2C.Infrastructure\Ef\Configurations\ConversationConfiguration.cs", "C#", 21, 0, 0, 0, 0, 0, 0, 0, 0, 0, 0, 0, 4, 25
"c:\Users\Miro\source\repos\Embe.C2C\src\Embe.C2C.Infrastructure\Ef\Configurations\JudgementConfiguration.cs", "C#", 17, 0, 0, 0, 0, 0, 0, 0, 0, 0, 0, 0, 4, 21
"c:\Users\Miro\source\repos\Embe.C2C\src\Embe.C2C.Infrastructure\Ef\Configurations\MatchingConfiguration.cs", "C#", 28, 0, 0, 0, 0, 0, 0, 0, 0, 0, 0, 0, 7, 35
"c:\Users\Miro\source\repos\Embe.C2C\src\Embe.C2C.Infrastructure\Ef\Configurations\MessageConfiguration.cs", "C#", 34, 0, 0, 0, 0, 0, 0, 0, 0, 0, 0, 0, 6, 40
"c:\Users\Miro\source\repos\Embe.C2C\src\Embe.C2C.Infrastructure\Ef\Configurations\Notifications\Matchings\MatchingCreatedConfiguration.cs", "C#", 11, 0, 0, 0, 0, 0, 0, 0, 0, 0, 0, 0, 2, 13
"c:\Users\Miro\source\repos\Embe.C2C\src\Embe.C2C.Infrastructure\Ef\Configurations\Notifications\Matchings\MatchingNotificationConfiguration.cs", "C#", 25, 0, 0, 0, 0, 0, 0, 0, 0, 0, 0, 0, 4, 29
"c:\Users\Miro\source\repos\Embe.C2C\src\Embe.C2C.Infrastructure\Ef\Configurations\Notifications\Matchings\MatchingRemovedConfiguration.cs", "C#", 11, 0, 0, 0, 0, 0, 0, 0, 0, 0, 0, 0, 2, 13
"c:\Users\Miro\source\repos\Embe.C2C\src\Embe.C2C.Infrastructure\Ef\Configurations\Notifications\NotificationConfiguration.cs", "C#", 23, 0, 0, 0, 0, 0, 0, 0, 0, 0, 0, 0, 5, 28
"c:\Users\Miro\source\repos\Embe.C2C\src\Embe.C2C.Infrastructure\Ef\Configurations\RefreshTokenEntityConfiguration.cs", "C#", 16, 0, 0, 0, 0, 0, 0, 0, 0, 0, 0, 0, 2, 18
"c:\Users\Miro\source\repos\Embe.C2C\src\Embe.C2C.Infrastructure\Ef\Configurations\SearchProfileConfiguration.cs", "C#", 45, 0, 0, 0, 0, 0, 0, 0, 0, 0, 0, 0, 10, 55
"c:\Users\Miro\source\repos\Embe.C2C\src\Embe.C2C.Infrastructure\Ef\Configurations\TransactionConfiguration.cs", "C#", 28, 0, 0, 0, 0, 0, 0, 0, 0, 0, 0, 0, 4, 32
"c:\Users\Miro\source\repos\Embe.C2C\src\Embe.C2C.Infrastructure\Ef\Configurations\UserConfiguration.cs", "C#", 54, 0, 0, 0, 0, 0, 0, 0, 0, 0, 0, 0, 11, 65
"c:\Users\Miro\source\repos\Embe.C2C\src\Embe.C2C.Infrastructure\Ef\Contexts\C2CContext.cs", "C#", 279, 0, 0, 0, 0, 0, 0, 0, 0, 0, 0, 0, 40, 319
"c:\Users\Miro\source\repos\Embe.C2C\src\Embe.C2C.Infrastructure\Ef\Entities\AdminArea.cs", "C#", 24, 0, 0, 0, 0, 0, 0, 0, 0, 0, 0, 0, 10, 34
"c:\Users\Miro\source\repos\Embe.C2C\src\Embe.C2C.Infrastructure\Ef\Entities\RefreshToken.cs", "C#", 22, 0, 0, 0, 0, 0, 0, 0, 0, 0, 0, 0, 5, 27
"c:\Users\Miro\source\repos\Embe.C2C\src\Embe.C2C.Infrastructure\Embe.C2C.Infrastructure.csproj", "XML", 0, 0, 0, 0, 29, 0, 0, 0, 0, 0, 0, 0, 5, 34
"c:\Users\Miro\source\repos\Embe.C2C\src\Embe.C2C.Infrastructure\Extensions\ServiceCollectionExtensions.cs", "C#", 49, 0, 0, 0, 0, 0, 0, 0, 0, 0, 0, 0, 7, 56
"c:\Users\Miro\source\repos\Embe.C2C\src\Embe.C2C.Infrastructure\Identity\AuthService.cs", "C#", 291, 0, 0, 0, 0, 0, 0, 0, 0, 0, 0, 0, 44, 335
"c:\Users\Miro\source\repos\Embe.C2C\src\Embe.C2C.Infrastructure\Identity\MyIdentityUser.cs", "C#", 6, 0, 0, 0, 0, 0, 0, 0, 0, 0, 0, 0, 3, 9
"c:\Users\Miro\source\repos\Embe.C2C\src\Embe.C2C.Infrastructure\Migrations\20260709230440_InitialCreate.Designer.cs", "C#", 844, 0, 0, 0, 0, 0, 0, 0, 0, 0, 0, 2, 303, 1149
"c:\Users\Miro\source\repos\Embe.C2C\src\Embe.C2C.Infrastructure\Migrations\20260709230440_InitialCreate.cs", "C#", 752, 0, 0, 0, 0, 0, 0, 0, 0, 0, 0, 3, 87, 842
"c:\Users\Miro\source\repos\Embe.C2C\src\Embe.C2C.Infrastructure\Migrations\20260710023305_DomainCandidate.Designer.cs", "C#", 915, 0, 0, 0, 0, 0, 0, 0, 0, 0, 0, 2, 331, 1248
"c:\Users\Miro\source\repos\Embe.C2C\src\Embe.C2C.Infrastructure\Migrations\20260710023305_DomainCandidate.cs", "C#", 256, 0, 0, 0, 0, 0, 0, 0, 0, 0, 0, 3, 55, 314
"c:\Users\Miro\source\repos\Embe.C2C\src\Embe.C2C.Infrastructure\Migrations\20260710023646_SearchProfilesFix.Designer.cs", "C#", 892, 0, 0, 0, 0, 0, 0, 0, 0, 0, 0, 2, 324, 1218
"c:\Users\Miro\source\repos\Embe.C2C\src\Embe.C2C.Infrastructure\Migrations\20260710023646_SearchProfilesFix.cs", "C#", 44, 0, 0, 0, 0, 0, 0, 0, 0, 0, 0, 3, 5, 52
"c:\Users\Miro\source\repos\Embe.C2C\src\Embe.C2C.Infrastructure\Migrations\20260710095944_SearchProfileRelationshipType.Designer.cs", "C#", 894, 0, 0, 0, 0, 0, 0, 0, 0, 0, 0, 2, 325, 1221
"c:\Users\Miro\source\repos\Embe.C2C\src\Embe.C2C.Infrastructure\Migrations\20260710095944_SearchProfileRelationshipType.cs", "C#", 23, 0, 0, 0, 0, 0, 0, 0, 0, 0, 0, 3, 4, 30
"c:\Users\Miro\source\repos\Embe.C2C\src\Embe.C2C.Infrastructure\Migrations\20260710230332_SearchProfileActive.Designer.cs", "C#", 900, 0, 0, 0, 0, 0, 0, 0, 0, 0, 0, 2, 328, 1230
"c:\Users\Miro\source\repos\Embe.C2C\src\Embe.C2C.Infrastructure\Migrations\20260710230332_SearchProfileActive.cs", "C#", 42, 0, 0, 0, 0, 0, 0, 0, 0, 0, 0, 3, 8, 53
"c:\Users\Miro\source\repos\Embe.C2C\src\Embe.C2C.Infrastructure\Migrations\20260711014915_SearchProfileGenderKeyNeverGenerated.Designer.cs", "C#", 899, 0, 0, 0, 0, 0, 0, 0, 0, 0, 0, 2, 328, 1229
"c:\Users\Miro\source\repos\Embe.C2C\src\Embe.C2C.Infrastructure\Migrations\20260711014915_SearchProfileGenderKeyNeverGenerated.cs", "C#", 14, 0, 0, 0, 0, 0, 0, 0, 0, 0, 0, 3, 6, 23
"c:\Users\Miro\source\repos\Embe.C2C\src\Embe.C2C.Infrastructure\Migrations\20260711030456_MatchingSetNullOnSearchProfileDeleted.Designer.cs", "C#", 899, 0, 0, 0, 0, 0, 0, 0, 0, 0, 0, 2, 328, 1229
"c:\Users\Miro\source\repos\Embe.C2C\src\Embe.C2C.Infrastructure\Migrations\20260711030456_MatchingSetNullOnSearchProfileDeleted.cs", "C#", 54, 0, 0, 0, 0, 0, 0, 0, 0, 0, 0, 3, 10, 67
"c:\Users\Miro\source\repos\Embe.C2C\src\Embe.C2C.Infrastructure\Migrations\C2CContextModelSnapshot.cs", "C#", 897, 0, 0, 0, 0, 0, 0, 0, 0, 0, 0, 1, 328, 1226
"c:\Users\Miro\source\repos\Embe.C2C\src\Embe.C2C.Infrastructure\SignalR\Hubs\MainHub.cs", "C#", 27, 0, 0, 0, 0, 0, 0, 0, 0, 0, 0, 0, 3, 30
"c:\Users\Miro\source\repos\Embe.C2C\src\Embe.C2C.Infrastructure\SignalR\SignalRNotificationService.cs", "C#", 48, 0, 0, 0, 0, 0, 0, 0, 0, 0, 0, 0, 9, 57
"c:\Users\Miro\source\repos\Embe.C2C\src\Embe.C2C.Test\Embe.C2C.Test.csproj", "XML", 0, 0, 0, 0, 28, 0, 0, 0, 0, 0, 0, 0, 6, 34
"c:\Users\Miro\source\repos\Embe.C2C\src\Embe.C2C.slnx", "XML", 0, 0, 0, 0, 7, 0, 0, 0, 0, 0, 0, 0, 1, 8
"c:\Users\Miro\source\repos\Embe.C2C\src\embe.c2c.frontend\AGENTS.md", "Markdown", 0, 0, 0, 0, 0, 0, 0, 0, 0, 2, 0, 2, 2, 6
"c:\Users\Miro\source\repos\Embe.C2C\src\embe.c2c.frontend\CLAUDE.md", "Markdown", 0, 0, 0, 0, 0, 0, 0, 0, 0, 1, 0, 0, 1, 2
"c:\Users\Miro\source\repos\Embe.C2C\src\embe.c2c.frontend\README.md", "Markdown", 0, 0, 0, 0, 0, 0, 0, 0, 0, 23, 0, 0, 14, 37
"c:\Users\Miro\source\repos\Embe.C2C\src\embe.c2c.frontend\eslint.config.mjs", "JavaScript", 0, 0, 0, 0, 0, 0, 0, 0, 0, 0, 14, 2, 3, 19
"c:\Users\Miro\source\repos\Embe.C2C\src\embe.c2c.frontend\fonts\index.ts", "TypeScript", 0, 0, 0, 0, 0, 0, 34, 0, 0, 0, 0, 0, 3, 37
"c:\Users\Miro\source\repos\Embe.C2C\src\embe.c2c.frontend\next.config.ts", "TypeScript", 0, 0, 0, 0, 0, 0, 19, 0, 0, 0, 0, 0, 2, 21
"c:\Users\Miro\source\repos\Embe.C2C\src\embe.c2c.frontend\package-lock.json", "JSON", 0, 0, 7741, 0, 0, 0, 0, 0, 0, 0, 0, 0, 1, 7742
"c:\Users\Miro\source\repos\Embe.C2C\src\embe.c2c.frontend\package.json", "JSON", 0, 0, 35, 0, 0, 0, 0, 0, 0, 0, 0, 0, 1, 36
"c:\Users\Miro\source\repos\Embe.C2C\src\embe.c2c.frontend\postcss.config.mjs", "JavaScript", 0, 0, 0, 0, 0, 0, 0, 0, 0, 0, 6, 0, 2, 8
"c:\Users\Miro\source\repos\Embe.C2C\src\embe.c2c.frontend\public\file.svg", "XML", 0, 0, 0, 0, 1, 0, 0, 0, 0, 0, 0, 0, 0, 1
"c:\Users\Miro\source\repos\Embe.C2C\src\embe.c2c.frontend\public\globe.svg", "XML", 0, 0, 0, 0, 1, 0, 0, 0, 0, 0, 0, 0, 0, 1
"c:\Users\Miro\source\repos\Embe.C2C\src\embe.c2c.frontend\public\next.svg", "XML", 0, 0, 0, 0, 1, 0, 0, 0, 0, 0, 0, 0, 0, 1
"c:\Users\Miro\source\repos\Embe.C2C\src\embe.c2c.frontend\public\vercel.svg", "XML", 0, 0, 0, 0, 1, 0, 0, 0, 0, 0, 0, 0, 0, 1
"c:\Users\Miro\source\repos\Embe.C2C\src\embe.c2c.frontend\public\window.svg", "XML", 0, 0, 0, 0, 1, 0, 0, 0, 0, 0, 0, 0, 0, 1
"c:\Users\Miro\source\repos\Embe.C2C\src\embe.c2c.frontend\src\app\(pages)\protected\discover\page.tsx", "TypeScript JSX", 0, 0, 0, 0, 0, 0, 0, 13, 0, 0, 0, 0, 2, 15
"c:\Users\Miro\source\repos\Embe.C2C\src\embe.c2c.frontend\src\app\(pages)\protected\likes\page.tsx", "TypeScript JSX", 0, 0, 0, 0, 0, 0, 0, 17, 0, 0, 0, 0, 11, 28
"c:\Users\Miro\source\repos\Embe.C2C\src\embe.c2c.frontend\src\app\(pages)\protected\matches\[matchId]\page.tsx", "TypeScript JSX", 0, 0, 0, 0, 0, 0, 0, 36, 0, 0, 0, 0, 6, 42
"c:\Users\Miro\source\repos\Embe.C2C\src\embe.c2c.frontend\src\app\(pages)\protected\matches\page.tsx", "TypeScript JSX", 0, 0, 0, 0, 0, 0, 0, 20, 0, 0, 0, 0, 5, 25
"c:\Users\Miro\source\repos\Embe.C2C\src\embe.c2c.frontend\src\app\(pages)\protected\me\page.tsx", "TypeScript JSX", 0, 0, 0, 0, 0, 0, 0, 16, 0, 0, 0, 0, 3, 19
"c:\Users\Miro\source\repos\Embe.C2C\src\embe.c2c.frontend\src\app\(pages)\protected\search-profile\[searchProfileId]\page.tsx", "TypeScript JSX", 0, 0, 0, 0, 0, 0, 0, 34, 0, 0, 0, 0, 1, 35
"c:\Users\Miro\source\repos\Embe.C2C\src\embe.c2c.frontend\src\app\(pages)\protected\search-profile\page.tsx", "TypeScript JSX", 0, 0, 0, 0, 0, 0, 0, 13, 0, 0, 0, 0, 2, 15
"c:\Users\Miro\source\repos\Embe.C2C\src\embe.c2c.frontend\src\app\(pages)\protected\search\page.tsx", "TypeScript JSX", 0, 0, 0, 0, 0, 0, 0, 26, 0, 0, 0, 0, 5, 31
"c:\Users\Miro\source\repos\Embe.C2C\src\embe.c2c.frontend\src\app\(pages)\protected\settings\page.tsx", "TypeScript JSX", 0, 0, 0, 0, 0, 0, 0, 22, 0, 0, 0, 0, 4, 26
"c:\Users\Miro\source\repos\Embe.C2C\src\embe.c2c.frontend\src\app\(pages)\protected\user\[userId]\page.tsx", "TypeScript JSX", 0, 0, 0, 0, 0, 0, 0, 23, 0, 0, 0, 0, 4, 27
"c:\Users\Miro\source\repos\Embe.C2C\src\embe.c2c.frontend\src\app\(pages)\public\(auth)\layout.tsx", "TypeScript JSX", 0, 0, 0, 0, 0, 0, 0, 15, 0, 0, 0, 0, 4, 19
"c:\Users\Miro\source\repos\Embe.C2C\src\embe.c2c.frontend\src\app\(pages)\public\(auth)\login\page.tsx", "TypeScript JSX", 0, 0, 0, 0, 0, 0, 0, 11, 0, 0, 0, 0, 4, 15
"c:\Users\Miro\source\repos\Embe.C2C\src\embe.c2c.frontend\src\app\(pages)\public\(auth)\register\page.tsx", "TypeScript JSX", 0, 0, 0, 0, 0, 0, 0, 11, 0, 0, 0, 0, 4, 15
"c:\Users\Miro\source\repos\Embe.C2C\src\embe.c2c.frontend\src\app\(pages)\public\page.tsx", "TypeScript JSX", 0, 0, 0, 0, 0, 0, 0, 15, 0, 0, 0, 0, 0, 15
"c:\Users\Miro\source\repos\Embe.C2C\src\embe.c2c.frontend\src\app\globals.css", "PostCSS", 0, 0, 0, 0, 0, 0, 0, 0, 258, 0, 0, 12, 54, 324
"c:\Users\Miro\source\repos\Embe.C2C\src\embe.c2c.frontend\src\app\layout.tsx", "TypeScript JSX", 0, 0, 0, 0, 0, 0, 0, 30, 0, 0, 0, 0, 13, 43
"c:\Users\Miro\source\repos\Embe.C2C\src\embe.c2c.frontend\src\app\page.tsx", "TypeScript JSX", 0, 0, 0, 0, 0, 0, 0, 6, 0, 0, 0, 0, 0, 6
"c:\Users\Miro\source\repos\Embe.C2C\src\embe.c2c.frontend\src\features\auth\actions\account-exists\actions.ts", "TypeScript", 0, 0, 0, 0, 0, 0, 16, 0, 0, 0, 0, 0, 5, 21
"c:\Users\Miro\source\repos\Embe.C2C\src\embe.c2c.frontend\src\features\auth\actions\action.ts", "TypeScript", 0, 0, 0, 0, 0, 0, 15, 0, 0, 0, 0, 0, 4, 19
"c:\Users\Miro\source\repos\Embe.C2C\src\embe.c2c.frontend\src\features\auth\actions\register\actions.ts", "TypeScript", 0, 0, 0, 0, 0, 0, 19, 0, 0, 0, 0, 0, 5, 24
"c:\Users\Miro\source\repos\Embe.C2C\src\embe.c2c.frontend\src\features\auth\actions\register\types.ts", "TypeScript", 0, 0, 0, 0, 0, 0, 14, 0, 0, 0, 0, 0, 2, 16
"c:\Users\Miro\source\repos\Embe.C2C\src\embe.c2c.frontend\src\features\auth\actions\sign-in\actions.ts", "TypeScript", 0, 0, 0, 0, 0, 0, 23, 0, 0, 0, 0, 0, 5, 28
"c:\Users\Miro\source\repos\Embe.C2C\src\embe.c2c.frontend\src\features\auth\actions\sign-in\types.ts", "TypeScript", 0, 0, 0, 0, 0, 0, 3, 0, 0, 0, 0, 0, 0, 3
"c:\Users\Miro\source\repos\Embe.C2C\src\embe.c2c.frontend\src\features\auth\actions\sign-out\actions.ts", "TypeScript", 0, 0, 0, 0, 0, 0, 16, 0, 0, 0, 0, 0, 3, 19
"c:\Users\Miro\source\repos\Embe.C2C\src\embe.c2c.frontend\src\features\auth\actions\sign-out\types.ts", "TypeScript", 0, 0, 0, 0, 0, 0, 0, 0, 0, 0, 0, 0, 1, 1
"c:\Users\Miro\source\repos\Embe.C2C\src\embe.c2c.frontend\src\features\auth\components\BasicProfileForm.tsx", "TypeScript JSX", 0, 0, 0, 0, 0, 0, 0, 90, 0, 0, 0, 0, 11, 101
"c:\Users\Miro\source\repos\Embe.C2C\src\embe.c2c.frontend\src\features\auth\components\ImagesForm.tsx", "TypeScript JSX", 0, 0, 0, 0, 0, 0, 0, 18, 0, 0, 0, 0, 5, 23
"c:\Users\Miro\source\repos\Embe.C2C\src\embe.c2c.frontend\src\features\auth\components\LoginForm.tsx", "TypeScript JSX", 0, 0, 0, 0, 0, 0, 0, 78, 0, 0, 0, 0, 20, 98
"c:\Users\Miro\source\repos\Embe.C2C\src\embe.c2c.frontend\src\features\auth\components\RegisterForm.tsx", "TypeScript JSX", 0, 0, 0, 0, 0, 0, 0, 308, 0, 0, 0, 0, 47, 355
"c:\Users\Miro\source\repos\Embe.C2C\src\embe.c2c.frontend\src\features\auth\components\SearchProfileBuilderForm.tsx", "TypeScript JSX", 0, 0, 0, 0, 0, 0, 0, 100, 0, 0, 0, 0, 13, 113
"c:\Users\Miro\source\repos\Embe.C2C\src\embe.c2c.frontend\src\features\likes\actions.ts", "TypeScript", 0, 0, 0, 0, 0, 0, 24, 0, 0, 0, 0, 0, 4, 28
"c:\Users\Miro\source\repos\Embe.C2C\src\embe.c2c.frontend\src\features\likes\components\Likes.tsx", "TypeScript JSX", 0, 0, 0, 0, 0, 0, 0, 52, 0, 0, 0, 0, 16, 68
"c:\Users\Miro\source\repos\Embe.C2C\src\embe.c2c.frontend\src\features\likes\types.ts", "TypeScript", 0, 0, 0, 0, 0, 0, 0, 0, 0, 0, 0, 0, 1, 1
"c:\Users\Miro\source\repos\Embe.C2C\src\embe.c2c.frontend\src\features\matches\actions\action.ts", "TypeScript", 0, 0, 0, 0, 0, 0, 124, 0, 0, 0, 0, 0, 10, 134
"c:\Users\Miro\source\repos\Embe.C2C\src\embe.c2c.frontend\src\features\matches\components\ConversationCompact.tsx", "TypeScript JSX", 0, 0, 0, 0, 0, 0, 0, 22, 0, 0, 0, 0, 7, 29
"c:\Users\Miro\source\repos\Embe.C2C\src\embe.c2c.frontend\src\features\matches\components\Match.tsx", "TypeScript JSX", 0, 0, 0, 0, 0, 0, 0, 410, 0, 0, 0, 1, 92, 503
"c:\Users\Miro\source\repos\Embe.C2C\src\embe.c2c.frontend\src\features\matches\components\MatchCompact.tsx", "TypeScript JSX", 0, 0, 0, 0, 0, 0, 0, 32, 0, 0, 0, 0, 5, 37
"c:\Users\Miro\source\repos\Embe.C2C\src\embe.c2c.frontend\src\features\matches\components\Matches.tsx", "TypeScript JSX", 0, 0, 0, 0, 0, 0, 0, 42, 0, 0, 0, 0, 8, 50
"c:\Users\Miro\source\repos\Embe.C2C\src\embe.c2c.frontend\src\features\matches\components\Message.tsx", "TypeScript JSX", 0, 0, 0, 0, 0, 0, 0, 66, 0, 0, 0, 0, 8, 74
"c:\Users\Miro\source\repos\Embe.C2C\src\embe.c2c.frontend\src\features\matches\components\MessageBrief.tsx", "TypeScript JSX", 0, 0, 0, 0, 0, 0, 0, 34, 0, 0, 0, 0, 8, 42
"c:\Users\Miro\source\repos\Embe.C2C\src\embe.c2c.frontend\src\features\matches\components\MessageCrafter.tsx", "TypeScript JSX", 0, 0, 0, 0, 0, 0, 0, 52, 0, 0, 0, 1, 5, 58
"c:\Users\Miro\source\repos\Embe.C2C\src\embe.c2c.frontend\src\features\matches\components\UserCompact.tsx", "TypeScript JSX", 0, 0, 0, 0, 0, 0, 0, 38, 0, 0, 0, 0, 2, 40
"c:\Users\Miro\source\repos\Embe.C2C\src\embe.c2c.frontend\src\features\me\actions\action.ts", "TypeScript", 0, 0, 0, 0, 0, 0, 29, 0, 0, 0, 0, 0, 4, 33
"c:\Users\Miro\source\repos\Embe.C2C\src\embe.c2c.frontend\src\features\me\actions\type.ts", "TypeScript", 0, 0, 0, 0, 0, 0, 0, 0, 0, 0, 0, 0, 1, 1
"c:\Users\Miro\source\repos\Embe.C2C\src\embe.c2c.frontend\src\features\me\components\Me.tsx", "TypeScript JSX", 0, 0, 0, 0, 0, 0, 0, 167, 0, 0, 0, 0, 21, 188
"c:\Users\Miro\source\repos\Embe.C2C\src\embe.c2c.frontend\src\features\me\components\MyInfoForm.tsx", "TypeScript JSX", 0, 0, 0, 0, 0, 0, 0, 130, 0, 0, 0, 0, 19, 149
"c:\Users\Miro\source\repos\Embe.C2C\src\embe.c2c.frontend\src\features\notifications\actions\action.ts", "TypeScript", 0, 0, 0, 0, 0, 0, 49, 0, 0, 0, 0, 0, 8, 57
"c:\Users\Miro\source\repos\Embe.C2C\src\embe.c2c.frontend\src\features\notifications\actions\type.ts", "TypeScript", 0, 0, 0, 0, 0, 0, 0, 0, 0, 0, 0, 0, 1, 1
"c:\Users\Miro\source\repos\Embe.C2C\src\embe.c2c.frontend\src\features\notifications\components\notification\Notification.tsx", "TypeScript JSX", 0, 0, 0, 0, 0, 0, 0, 82, 0, 0, 0, 0, 13, 95
"c:\Users\Miro\source\repos\Embe.C2C\src\embe.c2c.frontend\src\features\notifications\components\notifications-menu\NotificationsMenu.module.css", "PostCSS", 0, 0, 0, 0, 0, 0, 0, 0, 0, 0, 0, 0, 1, 1
"c:\Users\Miro\source\repos\Embe.C2C\src\embe.c2c.frontend\src\features\notifications\components\notifications-menu\NotificationsMenu.tsx", "TypeScript JSX", 0, 0, 0, 0, 0, 0, 0, 41, 0, 0, 0, 0, 9, 50
"c:\Users\Miro\source\repos\Embe.C2C\src\embe.c2c.frontend\src\features\notifications\components\notifications-modal\NotificationsModal.tsx", "TypeScript JSX", 0, 0, 0, 0, 0, 0, 0, 68, 0, 0, 0, 0, 11, 79
"c:\Users\Miro\source\repos\Embe.C2C\src\embe.c2c.frontend\src\features\notifications\stores.ts", "TypeScript", 0, 0, 0, 0, 0, 0, 25, 0, 0, 0, 0, 0, 4, 29
"c:\Users\Miro\source\repos\Embe.C2C\src\embe.c2c.frontend\src\features\search-profiles\actions.ts", "TypeScript", 0, 0, 0, 0, 0, 0, 46, 0, 0, 0, 0, 0, 4, 50
"c:\Users\Miro\source\repos\Embe.C2C\src\embe.c2c.frontend\src\features\search-profiles\components\SearchProfileForm.tsx", "TypeScript JSX", 0, 0, 0, 0, 0, 0, 0, 323, 0, 0, 0, 0, 49, 372
"c:\Users\Miro\source\repos\Embe.C2C\src\embe.c2c.frontend\src\features\search-profiles\types.ts", "TypeScript", 0, 0, 0, 0, 0, 0, 19, 0, 0, 0, 0, 0, 1, 20
"c:\Users\Miro\source\repos\Embe.C2C\src\embe.c2c.frontend\src\features\search\actions\action.ts", "TypeScript", 0, 0, 0, 0, 0, 0, 42, 0, 0, 0, 0, 0, 9, 51
"c:\Users\Miro\source\repos\Embe.C2C\src\embe.c2c.frontend\src\features\search\actions\type.ts", "TypeScript", 0, 0, 0, 0, 0, 0, 0, 0, 0, 0, 0, 0, 1, 1
"c:\Users\Miro\source\repos\Embe.C2C\src\embe.c2c.frontend\src\features\search\components\FindUserDating.tsx", "TypeScript JSX", 0, 0, 0, 0, 0, 0, 0, 25, 0, 0, 0, 0, 4, 29
"c:\Users\Miro\source\repos\Embe.C2C\src\embe.c2c.frontend\src\features\search\components\JudgeOverlay.tsx", "TypeScript JSX", 0, 0, 0, 0, 0, 0, 0, 56, 0, 0, 0, 0, 6, 62
"c:\Users\Miro\source\repos\Embe.C2C\src\embe.c2c.frontend\src\features\search\components\Search.tsx", "TypeScript JSX", 0, 0, 0, 0, 0, 0, 0, 94, 0, 0, 0, 0, 13, 107
"c:\Users\Miro\source\repos\Embe.C2C\src\embe.c2c.frontend\src\features\search\components\SearchProfileCompact.tsx", "TypeScript JSX", 0, 0, 0, 0, 0, 0, 0, 107, 0, 0, 0, 0, 10, 117
"c:\Users\Miro\source\repos\Embe.C2C\src\embe.c2c.frontend\src\features\search\components\SearchProfiles.tsx", "TypeScript JSX", 0, 0, 0, 0, 0, 0, 0, 43, 0, 0, 0, 0, 7, 50
"c:\Users\Miro\source\repos\Embe.C2C\src\embe.c2c.frontend\src\proxy.ts", "TypeScript", 0, 0, 0, 0, 0, 0, 22, 0, 0, 0, 0, 0, 1, 23
"c:\Users\Miro\source\repos\Embe.C2C\src\embe.c2c.frontend\src\shared\actions\action.ts", "TypeScript", 0, 0, 0, 0, 0, 0, 10, 0, 0, 0, 0, 0, 3, 13
"c:\Users\Miro\source\repos\Embe.C2C\src\embe.c2c.frontend\src\shared\actions\geography\actions.ts", "TypeScript", 0, 0, 0, 0, 0, 0, 50, 0, 0, 0, 0, 0, 8, 58
"c:\Users\Miro\source\repos\Embe.C2C\src\embe.c2c.frontend\src\shared\actions\geography\types.ts", "TypeScript", 0, 0, 0, 0, 0, 0, 10, 0, 0, 0, 0, 0, 0, 10
"c:\Users\Miro\source\repos\Embe.C2C\src\embe.c2c.frontend\src\shared\actions\user\action.ts", "TypeScript", 0, 0, 0, 0, 0, 0, 32, 0, 0, 0, 0, 0, 2, 34
"c:\Users\Miro\source\repos\Embe.C2C\src\embe.c2c.frontend\src\shared\actions\user\type.ts", "TypeScript", 0, 0, 0, 0, 0, 0, 0, 0, 0, 0, 0, 0, 1, 1
"c:\Users\Miro\source\repos\Embe.C2C\src\embe.c2c.frontend\src\shared\api-errors.ts", "TypeScript", 0, 0, 0, 0, 0, 0, 21, 0, 0, 0, 0, 0, 5, 26
"c:\Users\Miro\source\repos\Embe.C2C\src\embe.c2c.frontend\src\shared\api.ts", "TypeScript", 0, 0, 0, 0, 0, 0, 100, 0, 0, 0, 0, 0, 29, 129
"c:\Users\Miro\source\repos\Embe.C2C\src\embe.c2c.frontend\src\shared\cache.ts", "TypeScript", 0, 0, 0, 0, 0, 0, 20, 0, 0, 0, 0, 3, 2, 25
"c:\Users\Miro\source\repos\Embe.C2C\src\embe.c2c.frontend\src\shared\components\buttons\Button.tsx", "TypeScript JSX", 0, 0, 0, 0, 0, 0, 0, 35, 0, 0, 0, 0, 6, 41
"c:\Users\Miro\source\repos\Embe.C2C\src\embe.c2c.frontend\src\shared\components\footer\Footer.module.css", "PostCSS", 0, 0, 0, 0, 0, 0, 0, 0, 0, 0, 0, 0, 1, 1
"c:\Users\Miro\source\repos\Embe.C2C\src\embe.c2c.frontend\src\shared\components\footer\Footer.tsx", "TypeScript JSX", 0, 0, 0, 0, 0, 0, 0, 16, 0, 0, 0, 0, 5, 21
"c:\Users\Miro\source\repos\Embe.C2C\src\embe.c2c.frontend\src\shared\components\header\Header.tsx", "TypeScript JSX", 0, 0, 0, 0, 0, 0, 0, 10, 0, 0, 0, 0, 4, 14
"c:\Users\Miro\source\repos\Embe.C2C\src\embe.c2c.frontend\src\shared\components\icons\HorizontalEllipsis.tsx", "TypeScript JSX", 0, 0, 0, 0, 0, 0, 0, 13, 0, 0, 0, 0, 0, 13
"c:\Users\Miro\source\repos\Embe.C2C\src\embe.c2c.frontend\src\shared\components\icons\Trash.tsx", "TypeScript JSX", 0, 0, 0, 0, 0, 0, 0, 15, 0, 0, 0, 0, 2, 17
"c:\Users\Miro\source\repos\Embe.C2C\src\embe.c2c.frontend\src\shared\components\images\ImageGallery.module.css", "PostCSS", 0, 0, 0, 0, 0, 0, 0, 0, 5, 0, 0, 0, 0, 5
"c:\Users\Miro\source\repos\Embe.C2C\src\embe.c2c.frontend\src\shared\components\images\ImageGallery.tsx", "TypeScript JSX", 0, 0, 0, 0, 0, 0, 0, 73, 0, 0, 0, 0, 9, 82
"c:\Users\Miro\source\repos\Embe.C2C\src\embe.c2c.frontend\src\shared\components\infos\InfoWindow.tsx", "TypeScript JSX", 0, 0, 0, 0, 0, 0, 0, 20, 0, 0, 0, 0, 6, 26
"c:\Users\Miro\source\repos\Embe.C2C\src\embe.c2c.frontend\src\shared\components\inputs\checkbox-input\CheckBoxInput.tsx", "TypeScript JSX", 0, 0, 0, 0, 0, 0, 0, 26, 0, 0, 0, 0, 5, 31
"c:\Users\Miro\source\repos\Embe.C2C\src\embe.c2c.frontend\src\shared\components\inputs\date-input\DateInput.tsx", "TypeScript JSX", 0, 0, 0, 0, 0, 0, 0, 37, 0, 0, 0, 0, 7, 44
"c:\Users\Miro\source\repos\Embe.C2C\src\embe.c2c.frontend\src\shared\components\inputs\dropdown-input\DropDownInput.tsx", "TypeScript JSX", 0, 0, 0, 0, 0, 0, 0, 38, 0, 0, 0, 0, 1, 39
"c:\Users\Miro\source\repos\Embe.C2C\src\embe.c2c.frontend\src\shared\components\inputs\dual-range-input\DualRangeInput.tsx", "TypeScript JSX", 0, 0, 0, 0, 0, 0, 0, 43, 0, 0, 0, 0, 5, 48
"c:\Users\Miro\source\repos\Embe.C2C\src\embe.c2c.frontend\src\shared\components\inputs\email-input\EmailInput.tsx", "TypeScript JSX", 0, 0, 0, 0, 0, 0, 0, 32, 0, 0, 0, 0, 4, 36
"c:\Users\Miro\source\repos\Embe.C2C\src\embe.c2c.frontend\src\shared\components\inputs\image\gallery\ImageGalleryInput.tsx", "TypeScript JSX", 0, 0, 0, 0, 0, 0, 0, 112, 0, 0, 0, 0, 16, 128
"c:\Users\Miro\source\repos\Embe.C2C\src\embe.c2c.frontend\src\shared\components\inputs\location-input\LocationInput.tsx", "TypeScript JSX", 0, 0, 0, 0, 0, 0, 0, 354, 0, 0, 0, 7, 71, 432
"c:\Users\Miro\source\repos\Embe.C2C\src\embe.c2c.frontend\src\shared\components\inputs\select-input\SelectInput.tsx", "TypeScript JSX", 0, 0, 0, 0, 0, 0, 0, 59, 0, 0, 0, 0, 6, 65
"c:\Users\Miro\source\repos\Embe.C2C\src\embe.c2c.frontend\src\shared\components\inputs\single-range-input\SingleRangeInput.tsx", "TypeScript JSX", 0, 0, 0, 0, 0, 0, 0, 39, 0, 0, 0, 0, 4, 43
"c:\Users\Miro\source\repos\Embe.C2C\src\embe.c2c.frontend\src\shared\components\inputs\text-area-input\TextAreaInput.module.css", "PostCSS", 0, 0, 0, 0, 0, 0, 0, 0, 4, 0, 0, 0, 0, 4
"c:\Users\Miro\source\repos\Embe.C2C\src\embe.c2c.frontend\src\shared\components\inputs\text-area-input\TextAreaInput.tsx", "TypeScript JSX", 0, 0, 0, 0, 0, 0, 0, 45, 0, 0, 0, 0, 6, 51
"c:\Users\Miro\source\repos\Embe.C2C\src\embe.c2c.frontend\src\shared\components\inputs\text-input\TextInput.tsx", "TypeScript JSX", 0, 0, 0, 0, 0, 0, 0, 44, 0, 0, 0, 0, 5, 49
"c:\Users\Miro\source\repos\Embe.C2C\src\embe.c2c.frontend\src\shared\components\modal\Modal.module.css", "PostCSS", 0, 0, 0, 0, 0, 0, 0, 0, 15, 0, 0, 0, 2, 17
"c:\Users\Miro\source\repos\Embe.C2C\src\embe.c2c.frontend\src\shared\components\modal\Modal.tsx", "TypeScript JSX", 0, 0, 0, 0, 0, 0, 0, 46, 0, 0, 0, 0, 7, 53
"c:\Users\Miro\source\repos\Embe.C2C\src\embe.c2c.frontend\src\shared\components\nav\MainNav.module.css", "PostCSS", 0, 0, 0, 0, 0, 0, 0, 0, 4, 0, 0, 0, 0, 4
"c:\Users\Miro\source\repos\Embe.C2C\src\embe.c2c.frontend\src\shared\components\nav\MainNav.tsx", "TypeScript JSX", 0, 0, 0, 0, 0, 0, 0, 64, 0, 0, 0, 0, 7, 71
"c:\Users\Miro\source\repos\Embe.C2C\src\embe.c2c.frontend\src\shared\components\nav\SecondaryNav.tsx", "TypeScript JSX", 0, 0, 0, 0, 0, 0, 0, 13, 0, 0, 0, 0, 3, 16
"c:\Users\Miro\source\repos\Embe.C2C\src\embe.c2c.frontend\src\shared\components\progress-bar\ProgressBar.tsx", "TypeScript JSX", 0, 0, 0, 0, 0, 0, 0, 49, 0, 0, 0, 0, 3, 52
"c:\Users\Miro\source\repos\Embe.C2C\src\embe.c2c.frontend\src\shared\components\scroll\infinite-scroll\InfiniteScroll.tsx", "TypeScript JSX", 0, 0, 0, 0, 0, 0, 0, 111, 0, 0, 0, 0, 34, 145
"c:\Users\Miro\source\repos\Embe.C2C\src\embe.c2c.frontend\src\shared\components\surfaces\Surface.tsx", "TypeScript JSX", 0, 0, 0, 0, 0, 0, 0, 40, 0, 0, 0, 0, 5, 45
"c:\Users\Miro\source\repos\Embe.C2C\src\embe.c2c.frontend\src\shared\components\user\Profile.tsx", "TypeScript JSX", 0, 0, 0, 0, 0, 0, 0, 74, 0, 0, 0, 0, 3, 77
"c:\Users\Miro\source\repos\Embe.C2C\src\embe.c2c.frontend\src\shared\distance.ts", "TypeScript", 0, 0, 0, 0, 0, 0, 6, 0, 0, 0, 0, 0, 0, 6
"c:\Users\Miro\source\repos\Embe.C2C\src\embe.c2c.frontend\src\shared\enums.ts", "TypeScript", 0, 0, 0, 0, 0, 0, 82, 0, 0, 0, 0, 0, 9, 91
"c:\Users\Miro\source\repos\Embe.C2C\src\embe.c2c.frontend\src\shared\route.ts", "TypeScript", 0, 0, 0, 0, 0, 0, 3, 0, 0, 0, 0, 0, 0, 3
"c:\Users\Miro\source\repos\Embe.C2C\src\embe.c2c.frontend\src\shared\security\constants.ts", "TypeScript", 0, 0, 0, 0, 0, 0, 4, 0, 0, 0, 0, 0, 1, 5
"c:\Users\Miro\source\repos\Embe.C2C\src\embe.c2c.frontend\src\shared\security\functions.ts", "TypeScript", 0, 0, 0, 0, 0, 0, 78, 0, 0, 0, 0, 0, 16, 94
"c:\Users\Miro\source\repos\Embe.C2C\src\embe.c2c.frontend\src\shared\signal-r.ts", "TypeScript", 0, 0, 0, 0, 0, 0, 26, 0, 0, 0, 0, 0, 6, 32
"c:\Users\Miro\source\repos\Embe.C2C\src\embe.c2c.frontend\src\shared\stores\current-user.ts", "TypeScript", 0, 0, 0, 0, 0, 0, 12, 0, 0, 0, 0, 0, 2, 14
"c:\Users\Miro\source\repos\Embe.C2C\src\embe.c2c.frontend\src\shared\time.ts", "TypeScript", 0, 0, 0, 0, 0, 0, 37, 0, 0, 0, 0, 0, 3, 40
"c:\Users\Miro\source\repos\Embe.C2C\src\embe.c2c.frontend\src\shared\types\application\types.ts", "TypeScript", 0, 0, 0, 0, 0, 0, 13, 0, 0, 0, 0, 0, 2, 15
"c:\Users\Miro\source\repos\Embe.C2C\src\embe.c2c.frontend\src\shared\types\domain\aggregates.ts", "TypeScript", 0, 0, 0, 0, 0, 0, 149, 0, 0, 0, 0, 0, 19, 168
"c:\Users\Miro\source\repos\Embe.C2C\src\embe.c2c.frontend\src\shared\types\domain\entities.ts", "TypeScript", 0, 0, 0, 0, 0, 0, 23, 0, 0, 0, 0, 0, 2, 25
"c:\Users\Miro\source\repos\Embe.C2C\src\embe.c2c.frontend\src\shared\types\domain\value-objects.ts", "TypeScript", 0, 0, 0, 0, 0, 0, 81, 0, 0, 0, 0, 0, 14, 95
"c:\Users\Miro\source\repos\Embe.C2C\src\embe.c2c.frontend\src\shared\types\dtos\types.ts", "TypeScript", 0, 0, 0, 0, 0, 0, 12, 0, 0, 0, 0, 0, 2, 14
"c:\Users\Miro\source\repos\Embe.C2C\src\embe.c2c.frontend\src\shared\types\range.ts", "TypeScript", 0, 0, 0, 0, 0, 0, 4, 0, 0, 0, 0, 0, 0, 4
"c:\Users\Miro\source\repos\Embe.C2C\src\embe.c2c.frontend\src\shared\user.ts", "TypeScript", 0, 0, 0, 0, 0, 0, 18, 0, 0, 0, 0, 0, 2, 20
"c:\Users\Miro\source\repos\Embe.C2C\src\embe.c2c.frontend\tsconfig.json", "JSON with Comments", 0, 0, 0, 0, 0, 34, 0, 0, 0, 0, 0, 0, 1, 35
"Total", "-", 17527, 26, 8590, 27, 112, 34, 1330, 4194, 286, 26, 20, 229, 5304, 37705